FlightID,RouteCode,Origin,Destination,FlightDate,FlightDurationMins,AircraftType,SeatsAvailable,SeatsSold,Revenue,OperationalCost,Profit
FL0001,BOM-DEL,BOM,DEL,2024-03-08,162,A320,180,158,1213946,364980,848966
FL0002,DEL-BOM,DEL,BOM,2024-06-02,131,B737,190,153,1097889,329715,768174
FL0003,DEL-BLR,DEL,BLR,2024-05-01,294,A321,200,124,2997545,368280,2629265
FL0004,BLR-DEL,BLR,DEL,2024-04-08,279,B787,260,169,4311293,489255,3822038
FL0005,BOM-BLR,BOM,BLR,2024-03-04,488,A380,500,469,10408928,1847860,8561068
FL0006,BLR-BOM,BLR,BOM,2024-03-14,67,ATR72,72,43,257584,78905,178679
FL0007,BOM-CCU,BOM,CCU,2024-05-19,220,A320,180,127,1768714,330200,1438514
FL0008,CCU-BOM,CCU,BOM,2024-06-24,295,B737,190,115,2668155,342125,2326030
FL0009,DEL-HYD,DEL,HYD,2024-01-01,`,A321,200,123,2589633,337635,2251998
FL0010,HYD-DEL,HYD,DEL,2024-02-02,450,B787,260,197,7134987,738750,6396237
FL0011,BLR-CCU,BLR,CCU,2024-04-20,230,A380,500,366,5044572,969900,4074672
FL0012,CCU-BLR,CCU,BLR,2024-05-18,32,ATR72,72,64,116038,106240,9798
FL0013,BOM-DXB,BOM,DXB,2024-06-26,132,A320,180,112,1150804,483840,666964
FL0014,DXB-BOM,DXB,BOM,2024-02-16,73,B737,190,167,631326,622910,8416
FL0015,DEL-DXB,DEL,DXB,2024-05-27,132,A321,200,136,1189049,293760,895289
FL0016,DXB-DEL,DXB,DEL,2024-04-01,443,B787,260,159,7188986,590685,6598301
FL0017,BLR-SIN,BLR,SIN,2024-01-26,229,A380,500,415,4407527,2195350,2212177
FL0018,SIN-BLR,SIN,BLR,2024-06-14,35,ATR72,72,48,124158,160800,-36642
FL0019,BOM-SIN,BOM,SIN,2024-02-25,280,A320,180,169,2363259,980200,1383059
FL0020,SIN-BOM,SIN,BOM,2024-03-14,221,B737,190,140,2158724,729400,1429324
FL0021,DEL-LHR,DEL,LHR,2024-03-04,383,A321,200,142,3689762,969860,2719902
FL0022,LHR-DEL,LHR,DEL,2024-01-24,431,B787,260,160,6239152,1169600,5069552
FL0023,BOM-LHR,BOM,LHR,2024-05-28,387,A380,500,430,7801443,2954100,4847343
FL0024,LHR-BOM,LHR,BOM,2024-06-08,53,ATR72,72,52,177372,183560,-6188
FL0025,DEL-JFK,DEL,JFK,2024-01-07,183,A320,180,125,1404348,603750,800598
FL0026,JFK-DEL,JFK,DEL,2024-05-07,124,B737,190,115,1098903,487600,611303
FL0027,BLR-DXB,BLR,DXB,2024-05-11,208,A321,200,133,1780582,675640,1104942
FL0028,DXB-BLR,DXB,BLR,2024-06-25,318,B787,260,174,4971620,1075320,3896300
FL0029,HYD-BOM,HYD,BOM,29-01-2024,468,A380,500,406,10158035,1559040,8598995
FL0030,BOM-HYD,BOM,HYD,30-01-2024,70,ATR72,72,66,262151,122100,140051
FL0031,BOM-DEL,BOM,DEL,31-01-2024,71,A320,180,128,518420,237440,280980
FL0032,DEL-BOM,DEL,BOM,01-02-2024,121,B737,190,135,1139008,284175,854833
FL0033,DEL-BLR,DEL,BLR,02-02-2024,293,A321,200,182,2768032,539630,2228402
FL0034,BLR-DEL,BLR,DEL,03-02-2024,280,B787,260,244,4493087,707600,3785487
FL0035,BOM-BLR,BOM,BLR,04-02-2024,184,A380,500,398,3879431,963160,2916271
FL0036,BLR-BOM,BLR,BOM,05-02-2024,132,ATR72,72,44,481465,95040,386425
FL0037,BOM-CCU,BOM,CCU,06-02-2024,149,A320,180,109,1098521,244705,853816
FL0038,CCU-BOM,CCU,BOM,07-02-2024,122,B737,190,173,1092591,365030,727561
FL0039,DEL-HYD,DEL,HYD,08-02-2024,175,A321,200,168,1542577,399000,1143577
FL0040,HYD-DEL,HYD,DEL,09-02-2024,410,B787,260,193,6464327,685150,5779177
FL0041,BLR-CCU,BLR,CCU,10-02-2024,215,A380,500,464,4385024,1194800,3190224
FL0042,CCU-BLR,CCU,BLR,11-02-2024,144,ATR72,72,47,547313,104340,442973
FL0043,BOM-DXB,BOM,DXB,12-02-2024,104,A320,180,126,766354,509040,257314
FL0044,DXB-BOM,DXB,BOM,13-02-2024,343,B737,190,167,2893488,1073810,1819678
FL0045,DEL-DXB,DEL,DXB,14-02-2024,365,A321,200,181,3345683,601825,2743858
FL0046,DXB-DEL,DXB,DEL,15-02-2024,527,B787,260,188,8548195,777380,7770815
FL0047,BLR-SIN,BLR,SIN,16-02-2024,462,A380,500,374,9827691,2849880,6977811
FL0048,SIN-BLR,SIN,BLR,17-02-2024,134,ATR72,72,50,437544,217000,220544
FL0049,BOM-SIN,BOM,SIN,18-02-2024,214,A320,180,134,1616849,688760,928089
FL0050,SIN-BOM,SIN,BOM,19-02-2024,293,B737,190,136,2870590,806480,2064110
FL0051,DEL-LHR,DEL,LHR,20-02-2024,239,A321,200,156,2362690,840840,1521850
FL0052,LHR-DEL,LHR,DEL,21-02-2024,292,B787,260,161,4164429,953120,3211309
FL0053,BOM-LHR,BOM,LHR,22-02-2024,447,A380,500,344,8935080,2569680,6365400
FL0054,LHR-BOM,LHR,BOM,23-02-2024,142,ATR72,72,46,546475,203320,343155
FL0055,DEL-JFK,DEL,JFK,24-02-2024,246,A320,180,146,1969054,797160,1171894
FL0056,JFK-DEL,JFK,DEL,25-02-2024,113,B737,190,116,985487,479080,506407
FL0057,BLR-DXB,BLR,DXB,26-02-2024,205,A321,200,130,1943391,656500,1286891
FL0058,DXB-BLR,DXB,BLR,27-02-2024,339,B787,260,206,5179272,1316340,3862932
FL0059,HYD-BOM,HYD,BOM,28-02-2024,382,A380,500,364,7246020,1241240,6004780
FL0060,BOM-HYD,BOM,HYD,29-02-2024,67,ATR72,72,52,240705,95420,145285
FL0061,BOM-DEL,BOM,DEL,01-03-2024,257,A320,180,133,2186116,370405,1815711
FL0062,DEL-BOM,DEL,BOM,02-03-2024,203,B737,190,169,1761513,425035,1336478
FL0063,DEL-BLR,DEL,BLR,03-03-2024,338,A321,200,161,3325031,513590,2811441
FL0064,BLR-DEL,BLR,DEL,04-03-2024,525,B787,260,202,7444230,833250,6610980
FL0065,BOM-BLR,BOM,BLR,05-03-2024,531,A380,500,316,11555671,1312980,10242691
FL0066,BLR-BOM,BLR,BOM,06-03-2024,69,ATR72,72,52,262594,95940,166654
FL0067,BOM-CCU,BOM,CCU,07-03-2024,188,A320,180,150,1574753,366000,1208753
FL0068,CCU-BOM,CCU,BOM,08-03-2024,210,B737,190,150,1964006,382500,1581506
FL0069,DEL-HYD,DEL,HYD,09-03-2024,342,A321,200,166,3455130,532860,2922270
FL0070,HYD-DEL,HYD,DEL,10-03-2024,239,B787,260,179,3940813,482405,3458408
FL0071,BLR-CCU,BLR,CCU,11-03-2024,433,A380,500,457,9353524,1674905,7678619
FL0072,CCU-BLR,CCU,BLR,12-03-2024,148,ATR72,72,51,502378,114240,388138
FL0073,BOM-DXB,BOM,DXB,13-03-2024,107,A320,180,161,917002,655270,261732
FL0074,DXB-BOM,DXB,BOM,14-03-2024,113,B737,190,165,1045889,681450,364439
FL0075,DEL-DXB,DEL,DXB,15-03-2024,154,A321,200,185,1546490,419950,1126540
FL0076,DXB-DEL,DXB,DEL,16-03-2024,283,B787,260,211,3828308,615065,3213243
FL0077,BLR-SIN,BLR,SIN,17-03-2024,278,A380,500,470,5319720,2716600,2603120
FL0078,SIN-BLR,SIN,BLR,18-03-2024,139,ATR72,72,57,505171,250230,254941
FL0079,BOM-SIN,BOM,SIN,19-03-2024,267,A320,180,170,1997555,963900,1033655
FL0080,SIN-BOM,SIN,BOM,20-03-2024,127,B737,190,129,1103086,550830,552256
FL0081,DEL-LHR,DEL,LHR,21-03-2024,214,A321,200,170,1954957,873800,1081157
FL0082,LHR-DEL,LHR,DEL,22-03-2024,355,B787,260,164,5184117,1074200,4109917
FL0083,BOM-LHR,BOM,LHR,23-03-2024,201,A380,500,342,4400300,1713420,2686880
FL0084,LHR-BOM,LHR,BOM,24-03-2024,138,ATR72,72,55,522229,240900,281329
FL0085,DEL-JFK,DEL,JFK,25-03-2024,86,A320,180,158,688362,609880,78482
FL0086,JFK-DEL,JFK,DEL,26-03-2024,343,B737,190,158,3311837,1015940,2295897
FL0087,BLR-DXB,BLR,DXB,27-03-2024,396,A321,200,154,3816175,1071840,2744335
FL0088,DXB-BLR,DXB,BLR,28-03-2024,371,B787,260,214,5205624,1435940,3769684
FL0089,HYD-BOM,HYD,BOM,29-03-2024,399,A380,500,382,7628178,1335090,6293088
FL0090,BOM-HYD,BOM,HYD,30-03-2024,35,ATR72,72,52,110628,87100,23528
FL0091,BOM-DEL,BOM,DEL,31-03-2024,83,A320,180,128,671007,245120,425887
FL0092,DEL-BOM,DEL,BOM,01-04-2024,154,B737,190,178,1483854,404060,1079794
FL0093,DEL-BLR,DEL,BLR,02-04-2024,270,A321,200,141,2406437,401850,2004587
FL0094,BLR-DEL,BLR,DEL,03-04-2024,340,B787,260,184,4762882,588800,4174082
FL0095,BOM-BLR,BOM,BLR,04-04-2024,460,A380,500,369,9833352,1402200,8431152
FL0096,BLR-BOM,BLR,BOM,05-04-2024,96,ATR72,72,57,308930,112860,196070
FL0097,BOM-CCU,BOM,CCU,06-04-2024,91,A320,180,150,707418,293250,414168
FL0098,CCU-BOM,CCU,BOM,07-04-2024,186,B737,190,148,1800344,359640,1440704
FL0099,DEL-HYD,DEL,HYD,08-04-2024,352,A321,200,179,3100972,583540,2517432
FL0100,HYD-DEL,HYD,DEL,09-04-2024,425,B787,260,188,6111829,681500,5430329
FL0101,BLR-CCU,BLR,CCU,10-04-2024,426,A380,500,373,8104576,1353990,6750586
FL0102,CCU-BLR,CCU,BLR,11-04-2024,53,ATR72,72,66,185920,116490,69430
FL0103,BOM-DXB,BOM,DXB,12-04-2024,116,A320,180,147,871257,611520,259737
FL0104,DXB-BOM,DXB,BOM,13-04-2024,323,B737,190,160,3078973,996800,2082173
FL0105,DEL-DXB,DEL,DXB,14-04-2024,222,A321,200,146,1937741,381060,1556681
FL0106,DXB-DEL,DXB,DEL,15-04-2024,394,B787,260,217,5706876,752990,4953886
FL0107,BLR-SIN,BLR,SIN,16-04-2024,365,A380,500,394,6988350,2620100,4368250
FL0108,SIN-BLR,SIN,BLR,17-04-2024,87,ATR72,72,64,289290,247680,41610
FL0109,BOM-SIN,BOM,SIN,18-04-2024,229,A320,180,159,1780773,841110,939663
FL0110,SIN-BOM,SIN,BOM,19-04-2024,160,B737,190,148,1517758,680800,836958
FL0111,DEL-LHR,DEL,LHR,20-04-2024,187,A321,200,163,1629173,793810,835363
FL0112,LHR-DEL,LHR,DEL,21-04-2024,544,B787,260,173,8015329,1460120,6555209
FL0113,BOM-LHR,BOM,LHR,22-04-2024,534,A380,500,411,11162931,3427740,7735191
FL0114,LHR-BOM,LHR,BOM,23-04-2024,42,ATR72,72,67,153309,229140,-75831
FL0115,DEL-JFK,DEL,JFK,24-04-2024,206,A320,180,158,1572466,799480,772986
FL0116,JFK-DEL,JFK,DEL,25-04-2024,151,B737,190,163,1291283,735130,556153
FL0117,BLR-DXB,BLR,DXB,26-04-2024,196,A321,200,125,1835304,620000,1215304
FL0118,DXB-BLR,DXB,BLR,27-04-2024,308,B787,260,171,4302547,1039680,3262867
FL0119,HYD-BOM,HYD,BOM,28-04-2024,469,A380,500,341,8618106,1311145,7306961
FL0120,BOM-HYD,BOM,HYD,29-04-2024,118,ATR72,72,59,394822,123310,271512
FL0121,BOM-DEL,BOM,DEL,30-04-2024,75,A320,180,140,618853,262500,356353
FL0122,DEL-BOM,DEL,BOM,01-05-2024,128,B737,190,154,1133475,329560,803915
FL0123,DEL-BLR,DEL,BLR,02-05-2024,155,A321,200,159,1371971,361725,1010246
FL0124,BLR-DEL,BLR,DEL,03-05-2024,265,B787,260,157,3669777,443525,3226252
FL0125,BOM-BLR,BOM,BLR,04-05-2024,248,A380,500,316,4772922,865840,3907082
FL0126,BLR-BOM,BLR,BOM,05-05-2024,91,ATR72,72,60,316854,117300,199554
FL0127,BOM-CCU,BOM,CCU,06-05-2024,277,A320,180,156,2352023,450060,1901963
FL0128,CCU-BOM,CCU,BOM,07-05-2024,159,B737,190,125,1412068,286875,1125193
FL0129,DEL-HYD,DEL,HYD,08-05-2024,102,A321,200,123,1056044,247230,808814
FL0130,HYD-DEL,HYD,DEL,09-05-2024,279,B787,260,160,4080050,463200,3616850
FL0131,BLR-CCU,BLR,CCU,10-05-2024,429,A380,500,463,8581784,1687635,6894149
FL0132,CCU-BLR,CCU,BLR,11-05-2024,149,ATR72,72,59,486344,132455,353889
FL0133,BOM-DXB,BOM,DXB,12-05-2024,83,A320,180,167,722996,639610,83386
FL0134,DXB-BOM,DXB,BOM,13-05-2024,219,B737,190,176,2000751,913440,1087311
FL0135,DEL-DXB,DEL,DXB,14-05-2024,257,A321,200,160,2260096,445600,1814496
FL0136,DXB-DEL,DXB,DEL,15-05-2024,358,B787,260,230,5505259,756700,4748559
FL0137,BLR-SIN,BLR,SIN,16-05-2024,244,A380,500,468,5275622,2545920,2729702
FL0138,SIN-BLR,SIN,BLR,17-05-2024,73,ATR72,72,50,240915,186500,54415
FL0139,BOM-SIN,BOM,SIN,18-05-2024,105,A320,180,109,771866,441450,330416
FL0140,SIN-BOM,SIN,BOM,19-05-2024,94,B737,190,136,872348,535840,336508
FL0141,DEL-LHR,DEL,LHR,20-05-2024,172,A321,200,179,1478205,844880,633325
FL0142,LHR-DEL,LHR,DEL,21-05-2024,294,B787,260,181,4073221,1075140,2998081
FL0143,BOM-LHR,BOM,LHR,22-05-2024,293,A380,500,410,6302397,2431300,3871097
FL0144,LHR-BOM,LHR,BOM,23-05-2024,65,ATR72,72,53,248774,193450,55324
FL0145,DEL-JFK,DEL,JFK,24-05-2024,223,A320,180,119,1873419,622370,1251049
FL0146,JFK-DEL,JFK,DEL,25-05-2024,251,B737,190,152,2363658,837520,1526138
FL0147,BLR-DXB,BLR,DXB,26-05-2024,115,A321,200,146,1152896,605900,546996
FL0148,DXB-BLR,DXB,BLR,27-05-2024,331,B787,260,234,5026433,1476540,3549893
FL0149,HYD-BOM,HYD,BOM,28-05-2024,447,A380,500,375,9388557,1400625,7987932
FL0150,BOM-HYD,BOM,HYD,29-05-2024,118,ATR72,72,49,402900,102410,300490
FL0151,BOM-DEL,BOM,DEL,30-05-2024,172,A320,180,139,1465841,328040,1137801
FL0152,DEL-BOM,DEL,BOM,31-05-2024,246,B737,190,120,2016283,327600,1688683
FL0153,DEL-BLR,DEL,BLR,01-06-2024,312,A321,200,179,2877987,547740,2330247
FL0154,BLR-DEL,BLR,DEL,02-06-2024,463,B787,260,242,7570893,923230,6647663
FL0155,BOM-BLR,BOM,BLR,03-06-2024,518,A380,500,386,9496565,1578740,7917825
FL0156,BLR-BOM,BLR,BOM,04-06-2024,98,ATR72,72,50,331246,99500,231746
FL0157,BOM-CCU,BOM,CCU,05-06-2024,182,A320,180,121,1585931,291610,1294321
FL0158,CCU-BOM,CCU,BOM,06-06-2024,203,B737,190,166,1677626,417490,1260136
FL0159,DEL-HYD,DEL,HYD,07-06-2024,121,A321,200,188,1263514,395740,867774
FL0160,HYD-DEL,HYD,DEL,08-06-2024,301,B787,260,196,4865096,588980,4276116
FL0161,BLR-CCU,BLR,CCU,09-06-2024,414,A380,500,423,9056087,1510110,7545977
FL0162,CCU-BLR,CCU,BLR,10-06-2024,38,ATR72,72,62,136144,104780,31364
FL0163,BOM-DXB,BOM,DXB,11-06-2024,289,A320,180,113,2404928,665570,1739358
FL0164,DXB-BOM,DXB,BOM,12-06-2024,229,B737,190,140,2222539,740600,1481939
FL0165,DEL-DXB,DEL,DXB,13-06-2024,273,A321,200,125,2378155,358125,2020030
FL0166,DXB-DEL,DXB,DEL,14-06-2024,518,B787,260,208,8334317,850720,7483597
FL0167,BLR-SIN,BLR,SIN,15-06-2024,521,A380,500,442,11352066,3628820,7723246
FL0168,SIN-BLR,SIN,BLR,16-06-2024,118,ATR72,72,58,400628,242440,158188
FL0169,BOM-SIN,BOM,SIN,17-06-2024,218,A320,180,138,1701442,714840,986602
FL0170,SIN-BOM,SIN,BOM,18-06-2024,226,B737,190,142,2199304,746920,1452384
FL0171,DEL-LHR,DEL,LHR,19-06-2024,118,A321,200,150,1065775,627000,438775
FL0172,LHR-DEL,LHR,DEL,20-06-2024,421,B787,260,198,5754611,1427580,4327031
FL0173,BOM-LHR,BOM,LHR,21-06-2024,496,A380,500,443,10404515,3526280,6878235
FL0174,LHR-BOM,LHR,BOM,22-06-2024,32,ATR72,72,57,122352,189240,-66888
FL0175,DEL-JFK,DEL,JFK,23-06-2024,250,A320,180,138,1833156,759000,1074156
FL0176,JFK-DEL,JFK,DEL,24-06-2024,176,B737,190,178,1429450,847280,582170
FL0177,BLR-DXB,BLR,DXB,25-06-2024,239,A321,200,158,2189981,851620,1338361
FL0178,DXB-BLR,DXB,BLR,26-06-2024,259,B787,260,204,4268033,1140360,3127673
FL0179,HYD-BOM,HYD,BOM,27-06-2024,408,A380,500,344,8478910,1217760,7261150
FL0180,BOM-HYD,BOM,HYD,28-06-2024,86,ATR72,72,56,308789,108080,200709
FL0181,BOM-DEL,BOM,DEL,29-06-2024,73,A320,180,126,641913,234990,406923
FL0182,DEL-BOM,DEL,BOM,30-06-2024,113,B737,190,152,1098595,313880,784715
FL0183,DEL-BLR,DEL,BLR,01-07-2024,91,A321,200,187,788054,365585,422469
FL0184,BLR-DEL,BLR,DEL,02-07-2024,537,B787,260,197,8248533,824445,7424088
FL0185,BOM-BLR,BOM,BLR,03-07-2024,187,A380,500,329,3849842,801115,3048727
FL0186,BLR-BOM,BLR,BOM,04-07-2024,37,ATR72,72,52,131666,87620,44046
FL0187,BOM-CCU,BOM,CCU,05-07-2024,279,A320,180,130,2124841,376350,1748491
FL0188,CCU-BOM,CCU,BOM,06-07-2024,204,B737,190,132,1803395,332640,1470755
FL0189,DEL-HYD,DEL,HYD,07-07-2024,299,A321,200,138,2632112,413310,2218802
FL0190,HYD-DEL,HYD,DEL,08-07-2024,214,B787,260,230,3498771,591100,2907671
FL0191,BLR-CCU,BLR,CCU,09-07-2024,435,A380,500,401,9429367,1473675,7955692
FL0192,CCU-BLR,CCU,BLR,10-07-2024,39,ATR72,72,66,146493,111870,34623
FL0193,BOM-DXB,BOM,DXB,11-07-2024,168,A320,180,118,1320145,552240,767905
FL0194,DXB-BOM,DXB,BOM,12-07-2024,124,B737,190,145,1224315,614800,609515
FL0195,DEL-DXB,DEL,DXB,13-07-2024,346,A321,200,161,3208697,520030,2688667
FL0196,DXB-DEL,DXB,DEL,14-07-2024,521,B787,260,231,7922974,948255,6974719
FL0197,BLR-SIN,BLR,SIN,15-07-2024,277,A380,500,306,5134308,1765620,3368688
FL0198,SIN-BLR,SIN,BLR,16-07-2024,50,ATR72,72,44,187765,154000,33765
FL0199,BOM-SIN,BOM,SIN,17-07-2024,268,A320,180,141,2251161,800880,1450281
FL0200,SIN-BOM,SIN,BOM,18-07-2024,318,B737,190,150,3015968,927000,2088968
FL0201,DEL-LHR,DEL,LHR,19-07-2024,244,A321,200,172,2261371,935680,1325691
FL0202,LHR-DEL,LHR,DEL,20-07-2024,264,B787,260,196,3666294,1105440,2560854
FL0203,BOM-LHR,BOM,LHR,21-07-2024,230,A380,500,348,4330649,1844400,2486249
FL0204,LHR-BOM,LHR,BOM,22-07-2024,94,ATR72,72,60,336772,236400,100372
FL0205,DEL-JFK,DEL,JFK,23-07-2024,151,A320,180,124,1092559,559240,533319
FL0206,JFK-DEL,JFK,DEL,24-07-2024,309,B737,190,148,2932463,901320,2031143
FL0207,BLR-DXB,BLR,DXB,25-07-2024,385,A321,200,179,3695469,1226150,2469319
FL0208,DXB-BLR,DXB,BLR,26-07-2024,401,B787,260,228,6123216,1598280,4524936
FL0209,HYD-BOM,HYD,BOM,27-07-2024,434,A380,500,305,9122918,1119350,8003568
FL0210,BOM-HYD,BOM,HYD,28-07-2024,114,ATR72,72,59,423342,122130,301212
FL0211,BOM-DEL,BOM,DEL,29-07-2024,162,A320,180,116,1170169,267960,902209
FL0212,DEL-BOM,DEL,BOM,30-07-2024,157,B737,190,156,1428490,356460,1072030
FL0213,DEL-BLR,DEL,BLR,31-07-2024,387,A321,200,158,3640404,542730,3097674
FL0214,BLR-DEL,BLR,DEL,01-08-2024,514,B787,260,192,7898257,781440,7116817
FL0215,BOM-BLR,BOM,BLR,02-08-2024,230,A380,500,422,4872754,1118300,3754454
FL0216,BLR-BOM,BLR,BOM,03-08-2024,39,ATR72,72,66,136284,111870,24414
FL0217,BOM-CCU,BOM,CCU,04-08-2024,143,A320,180,136,1253831,301240,952591
FL0218,CCU-BOM,CCU,BOM,05-08-2024,112,B737,190,137,949360,282220,667140
FL0219,DEL-HYD,DEL,HYD,06-08-2024,122,A321,200,136,1060685,286960,773725
FL0220,HYD-DEL,HYD,DEL,07-08-2024,428,B787,260,197,6528839,717080,5811759
FL0221,BLR-CCU,BLR,CCU,08-08-2024,187,A380,500,331,3886983,805985,3080998
FL0222,CCU-BLR,CCU,BLR,09-08-2024,54,ATR72,72,65,188015,115050,72965
FL0223,BOM-DXB,BOM,DXB,10-08-2024,152,A320,180,169,1240790,763880,476910
FL0224,DXB-BOM,DXB,BOM,11-08-2024,110,B737,190,116,924449,475600,448849
FL0225,DEL-DXB,DEL,DXB,12-08-2024,171,A321,200,144,1472383,339120,1133263
FL0226,DXB-DEL,DXB,DEL,13-08-2024,505,B787,260,166,7515579,668150,6847429
FL0227,BLR-SIN,BLR,SIN,14-08-2024,525,A380,500,456,9720371,3762000,5958371
FL0228,SIN-BLR,SIN,BLR,15-08-2024,119,ATR72,72,60,378124,251400,126724
FL0229,BOM-SIN,BOM,SIN,16-08-2024,106,A320,180,147,777066,596820,180246
FL0230,SIN-BOM,SIN,BOM,17-08-2024,166,B737,190,175,1362850,815500,547350
FL0231,DEL-LHR,DEL,LHR,18-08-2024,105,A321,200,180,914611,729000,185611
FL0232,LHR-DEL,LHR,DEL,19-08-2024,534,B787,260,172,7544377,1434480,6109897
FL0233,BOM-LHR,BOM,LHR,20-08-2024,306,A380,500,461,5797006,2793660,3003346
FL0234,LHR-BOM,LHR,BOM,21-08-2024,57,ATR72,72,52,198005,185640,12365
FL0235,DEL-JFK,DEL,JFK,22-08-2024,168,A320,180,111,1249312,519480,729832
FL0236,JFK-DEL,JFK,DEL,23-08-2024,66,B737,190,159,634919,581940,52979
FL0237,BLR-DXB,BLR,DXB,24-08-2024,318,A321,200,122,3242871,753960,2488911
FL0238,DXB-BLR,DXB,BLR,25-08-2024,473,B787,260,204,6729565,1576920,5152645
FL0239,HYD-BOM,HYD,BOM,26-08-2024,298,A380,500,366,5387924,1094340,4293584
FL0240,BOM-HYD,BOM,HYD,27-08-2024,86,ATR72,72,64,276270,123520,152750
FL0241,BOM-DEL,BOM,DEL,28-08-2024,185,A320,180,115,1595596,278875,1316721
FL0242,DEL-BOM,DEL,BOM,29-08-2024,271,B737,190,145,2368319,413975,1954344
FL0243,DEL-BLR,DEL,BLR,30-08-2024,312,A321,200,154,2719126,471240,2247886
FL0244,BLR-DEL,BLR,DEL,31-08-2024,290,B787,260,223,4400235,657850,3742385
FL0245,BOM-BLR,BOM,BLR,01-09-2024,548,A380,500,398,10694269,1687520,9006749
FL0246,BLR-BOM,BLR,BOM,02-09-2024,130,ATR72,72,52,468278,111800,356478
FL0247,BOM-CCU,BOM,CCU,03-09-2024,285,A320,180,123,2279200,359775,1919425
FL0248,CCU-BOM,CCU,BOM,04-09-2024,288,B737,190,176,2336705,517440,1819265
FL0249,DEL-HYD,DEL,HYD,05-09-2024,356,A321,200,130,3210165,426400,2783765
FL0250,HYD-DEL,HYD,DEL,06-09-2024,183,B787,260,233,2518750,562695,1956055
FL0251,BLR-CCU,BLR,CCU,07-09-2024,529,A380,500,330,11419555,1367850,10051705
FL0252,CCU-BLR,CCU,BLR,08-09-2024,148,ATR72,72,44,468089,98560,369529
FL0253,BOM-DXB,BOM,DXB,09-09-2024,288,A320,180,169,2125227,993720,1131507
FL0254,DXB-BOM,DXB,BOM,10-09-2024,279,B737,190,175,2262561,1013250,1249311
FL0255,DEL-DXB,DEL,DXB,11-09-2024,197,A321,200,138,1748313,342930,1405383
FL0256,DXB-DEL,DXB,DEL,12-09-2024,241,B787,260,240,3656039,649200,3006839
FL0257,BLR-SIN,BLR,SIN,13-09-2024,205,A380,500,348,4320984,1757400,2563584
FL0258,SIN-BLR,SIN,BLR,14-09-2024,99,ATR72,72,67,361119,267330,93789
FL0259,BOM-SIN,BOM,SIN,15-09-2024,271,A320,180,139,2056308,793690,1262618
FL0260,SIN-BOM,SIN,BOM,16-09-2024,106,B737,190,161,1005092,653660,351432
FL0261,DEL-LHR,DEL,LHR,17-09-2024,117,A321,200,160,1034664,667200,367464
FL0262,LHR-DEL,LHR,DEL,18-09-2024,535,B787,260,185,8175682,1544750,6630932
FL0263,BOM-LHR,BOM,LHR,19-09-2024,357,A380,500,379,7209405,2490030,4719375
FL0264,LHR-BOM,LHR,BOM,20-09-2024,39,ATR72,72,68,131650,230520,-98870
FL0265,DEL-JFK,DEL,JFK,21-09-2024,189,A320,180,113,1402780,552570,850210
FL0266,JFK-DEL,JFK,DEL,22-09-2024,332,B737,190,121,2971964,764720,2207244
FL0267,BLR-DXB,BLR,DXB,23-09-2024,117,A321,200,148,1077903,617160,460743
FL0268,DXB-BLR,DXB,BLR,24-09-2024,484,B787,260,233,7617155,1826720,5790435
FL0269,HYD-BOM,HYD,BOM,25-09-2024,513,A380,500,463,11267387,1882095,9385292
FL0270,BOM-HYD,BOM,HYD,26-09-2024,63,ATR72,72,47,201382,85305,116077
FL0271,BOM-DEL,BOM,DEL,27-09-2024,99,A320,180,153,720418,305235,415183
FL0272,DEL-BOM,DEL,BOM,28-09-2024,326,B737,190,166,2758914,519580,2239334
FL0273,DEL-BLR,DEL,BLR,29-09-2024,365,A321,200,177,3250021,588525,2661496
FL0274,BLR-DEL,BLR,DEL,30-09-2024,518,B787,260,216,7805843,883440,6922403
FL0275,BOM-BLR,BOM,BLR,01-10-2024,311,A380,500,355,6329853,1084525,5245328
FL0276,BLR-BOM,BLR,BOM,02-10-2024,47,ATR72,72,63,162497,109305,53192
FL0277,BOM-CCU,BOM,CCU,03-10-2024,73,A320,180,164,598495,305860,292635
FL0278,CCU-BOM,CCU,BOM,04-10-2024,82,B737,190,143,749436,273130,476306
FL0279,DEL-HYD,DEL,HYD,05-10-2024,224,A321,200,182,2078584,476840,1601744
FL0280,HYD-DEL,HYD,DEL,06-10-2024,488,B787,260,238,7501884,937720,6564164
FL0281,BLR-CCU,BLR,CCU,07-10-2024,377,A380,500,464,7732583,1570640,6161943
FL0282,CCU-BLR,CCU,BLR,08-10-2024,101,ATR72,72,60,329937,120300,209637
FL0283,BOM-DXB,BOM,DXB,09-10-2024,170,A320,180,147,1369101,690900,678201
FL0284,DXB-BOM,DXB,BOM,10-10-2024,290,B737,190,152,2869795,896800,1972995
FL0285,DEL-DXB,DEL,DXB,11-10-2024,176,A321,200,169,1765154,402220,1362934
FL0286,DXB-DEL,DXB,DEL,12-10-2024,468,B787,260,159,7118125,610560,6507565
FL0287,BLR-SIN,BLR,SIN,13-10-2024,189,A380,500,386,3972504,1887540,2084964
FL0288,SIN-BLR,SIN,BLR,14-10-2024,147,ATR72,72,63,474434,281610,192824
FL0289,BOM-SIN,BOM,SIN,15-10-2024,287,A320,180,136,2343737,798320,1545417
FL0290,SIN-BOM,SIN,BOM,16-10-2024,74,B737,190,167,619369,624580,-5211
FL0291,DEL-LHR,DEL,LHR,17-10-2024,126,A321,200,148,1262088,630480,631608
FL0292,LHR-DEL,LHR,DEL,18-10-2024,274,B787,260,210,4163847,1205400,2958447
FL0293,BOM-LHR,BOM,LHR,19-10-2024,461,A380,500,344,8935463,2617840,6317623
FL0294,LHR-BOM,LHR,BOM,20-10-2024,40,ATR72,72,67,135590,227800,-92210
FL0295,DEL-JFK,DEL,JFK,21-10-2024,193,A320,180,133,1532267,655690,876577
FL0296,JFK-DEL,JFK,DEL,22-10-2024,277,B737,190,152,2495936,877040,1618896
FL0297,BLR-DXB,BLR,DXB,23-10-2024,190,A321,200,170,1838559,833000,1005559
FL0298,DXB-BLR,DXB,BLR,24-10-2024,535,B787,260,239,8490585,1995650,6494935
FL0299,HYD-BOM,HYD,BOM,25-10-2024,472,A380,500,423,8783993,1632780,7151213
FL0300,BOM-HYD,BOM,HYD,26-10-2024,121,ATR72,72,52,386987,109460,277527
FL0301,BOM-DEL,BOM,DEL,27-10-2024,110,A320,180,154,956448,315700,640748
FL0302,DEL-BOM,DEL,BOM,28-10-2024,273,B737,190,174,2271649,498510,1773139
FL0303,DEL-BLR,DEL,BLR,29-10-2024,180,A321,200,188,1825903,451200,1374703
FL0304,BLR-DEL,BLR,DEL,30-10-2024,361,B787,260,232,5233214,766760,4466454
FL0305,BOM-BLR,BOM,BLR,31-10-2024,234,A380,500,339,4780989,905130,3875859
FL0306,BLR-BOM,BLR,BOM,01-11-2024,76,ATR72,72,44,257232,82720,174512
FL0307,BOM-CCU,BOM,CCU,02-11-2024,239,A320,180,157,1951663,423115,1528548
FL0308,CCU-BOM,CCU,BOM,03-11-2024,122,B737,190,141,1177828,297510,880318
FL0309,DEL-HYD,DEL,HYD,04-11-2024,373,A321,200,144,3435035,484560,2950475
FL0310,HYD-DEL,HYD,DEL,05-11-2024,526,B787,260,197,7455426,813610,6641816
FL0311,BLR-CCU,BLR,CCU,06-11-2024,543,A380,500,459,10313147,1934685,8378462
FL0312,CCU-BLR,CCU,BLR,07-11-2024,54,ATR72,72,55,185935,97350,88585
FL0313,BOM-DXB,BOM,DXB,08-11-2024,147,A320,180,127,1241972,567690,674282
FL0314,DXB-BOM,DXB,BOM,09-11-2024,209,B737,190,128,1772910,651520,1121390
FL0315,DEL-DXB,DEL,DXB,10-11-2024,128,A321,200,132,1328132,282480,1045652
FL0316,DXB-DEL,DXB,DEL,11-11-2024,356,B787,260,206,5725154,675680,5049474
FL0317,BLR-SIN,BLR,SIN,12-11-2024,242,A380,500,474,4842124,2569080,2273044
FL0318,SIN-BLR,SIN,BLR,13-11-2024,30,ATR72,72,51,102843,168300,-65457
FL0319,BOM-SIN,BOM,SIN,14-11-2024,238,A320,180,121,2055579,650980,1404599
FL0320,SIN-BOM,SIN,BOM,15-11-2024,91,B737,190,145,839471,566950,272521
FL0321,DEL-LHR,DEL,LHR,16-11-2024,365,A321,200,178,3528149,1183700,2344449
FL0322,LHR-DEL,LHR,DEL,17-11-2024,436,B787,260,226,6478901,1663360,4815541
FL0323,BOM-LHR,BOM,LHR,18-11-2024,373,A380,500,393,7431783,2644890,4786893
FL0324,LHR-BOM,LHR,BOM,19-11-2024,123,ATR72,72,57,400816,241110,159706
FL0325,DEL-JFK,DEL,JFK,20-11-2024,188,A320,180,129,1376311,629520,746791
FL0326,JFK-DEL,JFK,DEL,21-11-2024,190,B737,190,138,1631594,676200,955394
FL0327,BLR-DXB,BLR,DXB,22-11-2024,241,A321,200,148,2072174,800680,1271494
FL0328,DXB-BLR,DXB,BLR,23-11-2024,467,B787,260,221,7227652,1695070,5532582
FL0329,HYD-BOM,HYD,BOM,24-11-2024,500,A380,500,396,9507777,1584000,7923777
FL0330,BOM-HYD,BOM,HYD,25-11-2024,116,ATR72,72,60,367000,124800,242200
FL0331,BOM-DEL,BOM,DEL,26-11-2024,113,A320,180,129,916555,266385,650170
FL0332,DEL-BOM,DEL,BOM,27-11-2024,110,B737,190,157,938160,321850,616310
FL0333,DEL-BLR,DEL,BLR,28-11-2024,370,A321,200,137,3671253,458950,3212303
FL0334,BLR-DEL,BLR,DEL,29-11-2024,299,B787,260,229,4899996,685855,4214141
FL0335,BOM-BLR,BOM,BLR,30-11-2024,344,A380,500,324,6751195,1043280,5707915
FL0336,BLR-BOM,BLR,BOM,01-12-2024,84,ATR72,72,65,265364,124800,140564
FL0337,BOM-CCU,BOM,CCU,02-12-2024,66,A320,180,154,564762,281820,282942
FL0338,CCU-BOM,CCU,BOM,03-12-2024,171,B737,190,126,1564560,296730,1267830
FL0339,DEL-HYD,DEL,HYD,04-12-2024,267,A321,200,169,2744809,479115,2265694
FL0340,HYD-DEL,HYD,DEL,05-12-2024,376,B787,260,187,5368629,632060,4736569
FL0341,BLR-CCU,BLR,CCU,06-12-2024,374,A380,500,403,7133023,1358110,5774913
FL0342,CCU-BLR,CCU,BLR,07-12-2024,34,ATR72,72,51,125517,85170,40347
FL0343,BOM-DXB,BOM,DXB,08-12-2024,196,A320,180,135,1503544,669600,833944
FL0344,DXB-BOM,DXB,BOM,09-12-2024,339,B737,190,121,3091136,773190,2317946
FL0345,DEL-DXB,DEL,DXB,10-12-2024,138,A321,200,182,1389622,398580,991042
FL0346,DXB-DEL,DXB,DEL,11-12-2024,388,B787,260,200,5834500,688000,5146500
FL0347,BLR-SIN,BLR,SIN,12-12-2024,188,A380,500,394,3860375,1922720,1937655
FL0348,SIN-BLR,SIN,BLR,13-12-2024,132,ATR72,72,48,475403,207360,268043
FL0349,BOM-SIN,BOM,SIN,14-12-2024,297,A320,180,170,2388207,1014900,1373307
FL0350,SIN-BOM,SIN,BOM,15-12-2024,168,B737,190,159,1567394,744120,823274
FL0351,DEL-LHR,DEL,LHR,16-12-2024,225,A321,200,157,2272185,824250,1447935
FL0352,LHR-DEL,LHR,DEL,17-12-2024,220,B787,260,180,3335757,936000,2399757
FL0353,BOM-LHR,BOM,LHR,18-12-2024,332,A380,500,387,6932429,2445840,4486589
FL0354,LHR-BOM,LHR,BOM,19-12-2024,146,ATR72,72,43,473889,191780,282109
FL0355,DEL-JFK,DEL,JFK,20-12-2024,116,A320,180,124,971093,515840,455253
FL0356,JFK-DEL,JFK,DEL,21-12-2024,157,B737,190,153,1459639,699210,760429
FL0357,BLR-DXB,BLR,DXB,22-12-2024,252,A321,200,178,2348217,982560,1365657
FL0358,DXB-BLR,DXB,BLR,23-12-2024,369,B787,260,203,5033491,1358070,3675421
FL0359,HYD-BOM,HYD,BOM,24-12-2024,489,A380,500,429,8963954,1692405,7271549
FL0360,BOM-HYD,BOM,HYD,25-12-2024,65,ATR72,72,62,207855,113150,94705
FL0361,BOM-DEL,BOM,DEL,26-12-2024,70,A320,180,126,543835,233100,310735
FL0362,DEL-BOM,DEL,BOM,27-12-2024,172,B737,190,161,1582181,379960,1202221
FL0363,DEL-BLR,DEL,BLR,28-12-2024,389,A321,200,153,3816469,527085,3289384
FL0364,BLR-DEL,BLR,DEL,29-12-2024,425,B787,260,168,6354287,609000,5745287
FL0365,BOM-BLR,BOM,BLR,30-12-2024,429,A380,500,305,8172045,1111725,7060320
FL0366,BLR-BOM,BLR,BOM,01-01-2024,128,ATR72,72,64,479038,136960,342078
FL0367,BOM-CCU,BOM,CCU,02-01-2024,168,A320,180,117,1377151,273780,1103371
FL0368,CCU-BOM,CCU,BOM,03-01-2024,132,B737,190,118,1242217,254880,987337
FL0369,DEL-HYD,DEL,HYD,04-01-2024,296,A321,200,169,2867276,503620,2363656
FL0370,HYD-DEL,HYD,DEL,05-01-2024,204,B787,260,178,3255290,448560,2806730
FL0371,BLR-CCU,BLR,CCU,06-01-2024,408,A380,500,300,8923285,1062000,7861285
FL0372,CCU-BLR,CCU,BLR,07-01-2024,131,ATR72,72,58,445751,124990,320761
FL0373,BOM-DXB,BOM,DXB,08-01-2024,103,A320,180,158,900153,636740,263413
FL0374,DXB-BOM,DXB,BOM,09-01-2024,76,B737,190,177,676613,665520,11093
FL0375,DEL-DXB,DEL,DXB,10-01-2024,382,A321,200,126,3961540,429660,3531880
FL0376,DXB-DEL,DXB,DEL,11-01-2024,518,B787,260,222,8246396,907980,7338416
FL0377,BLR-SIN,BLR,SIN,12-01-2024,394,A380,500,426,8096276,2956440,5139836
FL0378,SIN-BLR,SIN,BLR,13-01-2024,101,ATR72,72,49,352752,196490,156262
FL0379,BOM-SIN,BOM,SIN,14-01-2024,202,A320,180,151,1471075,758020,713055
FL0380,SIN-BOM,SIN,BOM,15-01-2024,85,B737,190,116,796453,446600,349853
FL0381,DEL-LHR,DEL,LHR,16-01-2024,278,A321,200,189,2670477,1092420,1578057
FL0382,LHR-DEL,LHR,DEL,17-01-2024,265,B787,260,239,3604487,1350350,2254137
FL0383,BOM-LHR,BOM,LHR,18-01-2024,296,A380,500,427,5556037,2544920,3011117
FL0384,LHR-BOM,LHR,BOM,19-01-2024,101,ATR72,72,67,384909,268670,116239
FL0385,DEL-JFK,DEL,JFK,20-01-2024,141,A320,180,154,1027581,679140,348441
FL0386,JFK-DEL,JFK,DEL,21-01-2024,162,B737,190,116,1486072,535920,950152
FL0387,BLR-DXB,BLR,DXB,22-01-2024,187,A321,200,128,1626191,623360,1002831
FL0388,DXB-BLR,DXB,BLR,23-01-2024,472,B787,260,204,6996501,1574880,5421621
FL0389,HYD-BOM,HYD,BOM,24-01-2024,543,A380,500,400,11520237,1686000,9834237
FL0390,BOM-HYD,BOM,HYD,25-01-2024,33,ATR72,72,63,111313,104895,6418
FL0391,BOM-DEL,BOM,DEL,26-01-2024,269,A320,180,140,2120502,398300,1722202
FL0392,DEL-BOM,DEL,BOM,27-01-2024,167,B737,190,129,1360034,301215,1058819
FL0393,DEL-BLR,DEL,BLR,28-01-2024,249,A321,200,189,2129062,518805,1610257
FL0394,BLR-DEL,BLR,DEL,29-01-2024,448,B787,260,204,7310106,762960,6547146
FL0395,BOM-BLR,BOM,BLR,30-01-2024,406,A380,500,312,7323404,1101360,6222044
FL0396,BLR-BOM,BLR,BOM,31-01-2024,58,ATR72,72,62,199018,110980,88038
FL0397,BOM-CCU,BOM,CCU,01-02-2024,295,A320,180,147,2536375,437325,2099050
FL0398,CCU-BOM,CCU,BOM,02-02-2024,298,B737,190,140,2462987,418600,2044387
FL0399,DEL-HYD,DEL,HYD,03-02-2024,144,A321,200,136,1261425,301920,959505
FL0400,HYD-DEL,HYD,DEL,04-02-2024,321,B787,260,183,5154767,568215,4586552
FL0401,BLR-CCU,BLR,CCU,05-02-2024,325,A380,500,340,5904721,1062500,4842221
FL0402,CCU-BLR,CCU,BLR,06-02-2024,94,ATR72,72,66,299067,130020,169047
FL0403,BOM-DXB,BOM,DXB,07-02-2024,202,A320,180,132,1674062,662640,1011422
FL0404,DXB-BOM,DXB,BOM,08-02-2024,199,B737,190,177,1897739,883230,1014509
FL0405,DEL-DXB,DEL,DXB,09-02-2024,277,A321,200,188,2833703,542380,2291323
FL0406,DXB-DEL,DXB,DEL,10-02-2024,523,B787,260,198,8022942,814770,7208172
FL0407,BLR-SIN,BLR,SIN,11-02-2024,332,A380,500,430,6062301,2717600,3344701
FL0408,SIN-BLR,SIN,BLR,12-02-2024,101,ATR72,72,66,364080,264660,99420
FL0409,BOM-SIN,BOM,SIN,13-02-2024,176,A320,180,160,1301087,761600,539487
FL0410,SIN-BOM,SIN,BOM,14-02-2024,166,B737,190,125,1410481,582500,827981
FL0411,DEL-LHR,DEL,LHR,15-02-2024,320,A321,200,187,3238333,1159400,2078933
FL0412,LHR-DEL,LHR,DEL,16-02-2024,184,B787,260,161,3018944,779240,2239704
FL0413,BOM-LHR,BOM,LHR,17-02-2024,356,A380,500,390,7258518,2558400,4700118
FL0414,LHR-BOM,LHR,BOM,18-02-2024,142,ATR72,72,47,486686,207740,278946
FL0415,DEL-JFK,DEL,JFK,19-02-2024,237,A320,180,138,2084210,741060,1343150
FL0416,JFK-DEL,JFK,DEL,20-02-2024,62,B737,190,168,527247,608160,-80913
FL0417,BLR-DXB,BLR,DXB,21-02-2024,199,A321,200,172,1714632,858280,856352
FL0418,DXB-BLR,DXB,BLR,22-02-2024,247,B787,260,208,3402291,1137760,2264531
FL0419,HYD-BOM,HYD,BOM,23-02-2024,284,A380,500,368,5422081,1074560,4347521
FL0420,BOM-HYD,BOM,HYD,24-02-2024,58,ATR72,72,65,221499,116350,105149
FL0421,BOM-DEL,BOM,DEL,25-02-2024,135,A320,180,110,1043075,239250,803825
FL0422,DEL-BOM,DEL,BOM,26-02-2024,84,B737,190,150,693552,288000,405552
FL0423,DEL-BLR,DEL,BLR,27-02-2024,203,A321,200,146,1835837,367190,1468647
FL0424,BLR-DEL,BLR,DEL,28-02-2024,355,B787,260,201,4878814,658275,4220539
FL0425,BOM-BLR,BOM,BLR,29-02-2024,495,A380,500,319,10681070,1268025,9413045
FL0426,BLR-BOM,BLR,BOM,01-03-2024,106,ATR72,72,64,370639,129920,240719
FL0427,BOM-CCU,BOM,CCU,02-03-2024,283,A320,180,140,2448069,408100,2039969
FL0428,CCU-BOM,CCU,BOM,03-03-2024,115,B737,190,158,1044062,327850,716212
FL0429,DEL-HYD,DEL,HYD,04-03-2024,316,A321,200,171,3014764,526680,2488084
FL0430,HYD-DEL,HYD,DEL,05-03-2024,515,B787,260,215,8266648,876125,7390523
FL0431,BLR-CCU,BLR,CCU,06-03-2024,238,A380,500,328,4601976,882320,3719656
FL0432,CCU-BLR,CCU,BLR,07-03-2024,74,ATR72,72,60,268331,112200,156131
FL0433,BOM-DXB,BOM,DXB,08-03-2024,250,A320,180,152,1875688,836000,1039688
FL0434,DXB-BOM,DXB,BOM,09-03-2024,192,B737,190,172,1856509,846240,1010269
FL0435,DEL-DXB,DEL,DXB,10-03-2024,110,A321,200,177,967433,362850,604583
FL0436,DXB-DEL,DXB,DEL,11-03-2024,542,B787,260,176,8794548,740960,8053588
FL0437,BLR-SIN,BLR,SIN,12-03-2024,261,A380,500,443,5566748,2485230,3081518
FL0438,SIN-BLR,SIN,BLR,13-03-2024,122,ATR72,72,49,400793,206780,194013
FL0439,BOM-SIN,BOM,SIN,14-03-2024,72,A320,180,146,631432,543120,88312
FL0440,SIN-BOM,SIN,BOM,15-03-2024,76,B737,190,121,667131,454960,212171
FL0441,DEL-LHR,DEL,LHR,16-03-2024,242,A321,200,128,2199381,693760,1505621
FL0442,LHR-DEL,LHR,DEL,17-03-2024,253,B787,260,195,4053152,1078350,2974802
FL0443,BOM-LHR,BOM,LHR,18-03-2024,239,A380,500,331,5022536,1784090,3238446
FL0444,LHR-BOM,LHR,BOM,19-03-2024,51,ATR72,72,66,185207,231660,-46453
FL0445,DEL-JFK,DEL,JFK,20-03-2024,127,A320,180,126,1058300,538020,520280
FL0446,JFK-DEL,JFK,DEL,21-03-2024,252,B737,190,117,2075081,645840,1429241
FL0447,BLR-DXB,BLR,DXB,22-03-2024,289,A321,200,181,3005492,1066090,1939402
FL0448,DXB-BLR,DXB,BLR,23-03-2024,464,B787,260,196,7165422,1497440,5667982
FL0449,HYD-BOM,HYD,BOM,24-03-2024,186,A380,500,311,3959205,755730,3203475
FL0450,BOM-HYD,BOM,HYD,25-03-2024,140,ATR72,72,55,516499,121000,395499
FL0451,BOM-DEL,BOM,DEL,26-03-2024,117,A320,180,108,872153,225180,646973
FL0452,DEL-BOM,DEL,BOM,27-03-2024,285,B737,190,180,2527131,526500,2000631
FL0453,DEL-BLR,DEL,BLR,28-03-2024,118,A321,200,156,1194071,326040,868031
FL0454,BLR-DEL,BLR,DEL,29-03-2024,254,B787,260,176,3491774,487520,3004254
FL0455,BOM-BLR,BOM,BLR,30-03-2024,263,A380,500,414,5021469,1165410,3856059
FL0456,BLR-BOM,BLR,BOM,31-03-2024,110,ATR72,72,67,348910,137350,211560
FL0457,BOM-CCU,BOM,CCU,01-04-2024,280,A320,180,167,2204037,484300,1719737
FL0458,CCU-BOM,CCU,BOM,02-04-2024,143,B737,190,140,1228882,310100,918782
FL0459,DEL-HYD,DEL,HYD,03-04-2024,336,A321,200,142,3335271,451560,2883711
FL0460,HYD-DEL,HYD,DEL,04-04-2024,341,B787,260,175,4635350,560875,4074475
FL0461,BLR-CCU,BLR,CCU,05-04-2024,460,A380,500,425,9315460,1615000,7700460
FL0462,CCU-BLR,CCU,BLR,06-04-2024,137,ATR72,72,55,524399,120175,404224
FL0463,BOM-DXB,BOM,DXB,07-04-2024,233,A320,180,120,1711586,639600,1071986
FL0464,DXB-BOM,DXB,BOM,08-04-2024,67,B737,190,165,644580,605550,39030
FL0465,DEL-DXB,DEL,DXB,09-04-2024,278,A321,200,163,2446223,471070,1975153
FL0466,DXB-DEL,DXB,DEL,10-04-2024,360,B787,260,238,5904912,785400,5119512
FL0467,BLR-SIN,BLR,SIN,11-04-2024,225,A380,500,380,4051108,1995000,2056108
FL0468,SIN-BLR,SIN,BLR,12-04-2024,100,ATR72,72,46,362989,184000,178989
FL0469,BOM-SIN,BOM,SIN,13-04-2024,287,A320,180,143,2169968,839410,1330558
FL0470,SIN-BOM,SIN,BOM,14-04-2024,273,B737,190,152,2343483,870960,1472523
FL0471,DEL-LHR,DEL,LHR,15-04-2024,151,A321,200,141,1421652,635910,785742
FL0472,LHR-DEL,LHR,DEL,16-04-2024,251,B787,260,198,3900883,1090980,2809903
FL0473,BOM-LHR,BOM,LHR,17-04-2024,517,A380,500,383,10546842,3129110,7417732
FL0474,LHR-BOM,LHR,BOM,18-04-2024,61,ATR72,72,59,224476,212990,11486
FL0475,DEL-JFK,DEL,JFK,19-04-2024,161,A320,180,165,1345775,760650,585125
FL0476,JFK-DEL,JFK,DEL,20-04-2024,238,B737,190,120,2031492,645600,1385892
FL0477,BLR-DXB,BLR,DXB,21-04-2024,125,A321,200,129,1187235,548250,638985
FL0478,DXB-BLR,DXB,BLR,22-04-2024,265,B787,260,175,3852583,988750,2863833
FL0479,HYD-BOM,HYD,BOM,23-04-2024,421,A380,500,357,8449826,1286985,7162841
FL0480,BOM-HYD,BOM,HYD,24-04-2024,62,ATR72,72,65,198880,117650,81230
FL0481,BOM-DEL,BOM,DEL,25-04-2024,136,A320,180,112,1065570,244160,821410
FL0482,DEL-BOM,DEL,BOM,26-04-2024,253,B737,190,179,2140771,494935,1645836
FL0483,DEL-BLR,DEL,BLR,27-04-2024,201,A321,200,176,1794987,440880,1354107
FL0484,BLR-DEL,BLR,DEL,28-04-2024,484,B787,260,242,6714367,948640,5765727
FL0485,BOM-BLR,BOM,BLR,29-04-2024,302,A380,500,305,6566944,918050,5648894
FL0486,BLR-BOM,BLR,BOM,30-04-2024,132,ATR72,72,58,443412,125280,318132
FL0487,BOM-CCU,BOM,CCU,01-05-2024,263,A320,180,162,2194087,456030,1738057
FL0488,CCU-BOM,CCU,BOM,02-05-2024,143,B737,190,136,1368035,301240,1066795
FL0489,DEL-HYD,DEL,HYD,03-05-2024,86,A321,200,166,825660,320380,505280
FL0490,HYD-DEL,HYD,DEL,04-05-2024,493,B787,260,227,7366756,900055,6466701
FL0491,BLR-CCU,BLR,CCU,05-05-2024,306,A380,500,392,6403465,1187760,5215705
FL0492,CCU-BLR,CCU,BLR,06-05-2024,104,ATR72,72,61,370790,123220,247570
FL0493,BOM-DXB,BOM,DXB,07-05-2024,71,A320,180,118,610234,437780,172454
FL0494,DXB-BOM,DXB,BOM,08-05-2024,181,B737,190,135,1619285,649350,969935
FL0495,DEL-DXB,DEL,DXB,09-05-2024,252,A321,200,132,2532707,364320,2168387
FL0496,DXB-DEL,DXB,DEL,10-05-2024,362,B787,260,159,5062576,526290,4536286
FL0497,BLR-SIN,BLR,SIN,11-05-2024,390,A380,500,339,8574280,2339100,6235180
FL0498,SIN-BLR,SIN,BLR,12-05-2024,134,ATR72,72,55,429747,238700,191047
FL0499,BOM-SIN,BOM,SIN,13-05-2024,94,A320,180,121,739727,476740,262987
FL0500,SIN-BOM,SIN,BOM,14-05-2024,266,B737,190,131,2376103,741460,1634643
FL0501,DEL-LHR,DEL,LHR,15-05-2024,292,A321,200,170,2908653,1006400,1902253
FL0502,LHR-DEL,LHR,DEL,16-05-2024,472,B787,260,187,6897390,1443640,5453750
FL0503,BOM-LHR,BOM,LHR,17-05-2024,199,A380,500,388,4014467,1936120,2078347
FL0504,LHR-BOM,LHR,BOM,18-05-2024,80,ATR72,72,57,276562,216600,59962
FL0505,DEL-JFK,DEL,JFK,19-05-2024,176,A320,180,132,1437902,628320,809582
FL0506,JFK-DEL,JFK,DEL,20-05-2024,321,B737,190,157,3173354,974970,2198384
FL0507,BLR-DXB,BLR,DXB,21-05-2024,265,A321,200,183,2371818,1033950,1337868
FL0508,DXB-BLR,DXB,BLR,22-05-2024,416,B787,260,198,6659325,1417680,5241645
FL0509,HYD-BOM,HYD,BOM,23-05-2024,404,A380,500,323,8428773,1136960,7291813
FL0510,BOM-HYD,BOM,HYD,24-05-2024,141,ATR72,72,58,506581,127890,378691
FL0511,BOM-DEL,BOM,DEL,25-05-2024,73,A320,180,169,546738,315185,231553
FL0512,DEL-BOM,DEL,BOM,26-05-2024,100,B737,190,130,966734,260000,706734
FL0513,DEL-BLR,DEL,BLR,27-05-2024,190,A321,200,161,1833668,394450,1439218
FL0514,BLR-DEL,BLR,DEL,28-05-2024,263,B787,260,209,3679520,588335,3091185
FL0515,BOM-BLR,BOM,BLR,29-05-2024,524,A380,500,469,9973047,1932280,8040767
FL0516,BLR-BOM,BLR,BOM,30-05-2024,130,ATR72,72,43,463045,92450,370595
FL0517,BOM-CCU,BOM,CCU,31-05-2024,263,A320,180,116,2301700,326540,1975160
FL0518,CCU-BOM,CCU,BOM,01-06-2024,346,B737,190,129,2848373,416670,2431703
FL0519,DEL-HYD,DEL,HYD,02-06-2024,349,A321,200,143,3281534,464035,2817499
FL0520,HYD-DEL,HYD,DEL,03-06-2024,511,B787,260,231,7559050,936705,6622345
FL0521,BLR-CCU,BLR,CCU,04-06-2024,455,A380,500,402,9916421,1517550,8398871
FL0522,CCU-BLR,CCU,BLR,05-06-2024,86,ATR72,72,47,280990,90710,190280
FL0523,BOM-DXB,BOM,DXB,06-06-2024,180,A320,180,146,1398738,700800,697938
FL0524,DXB-BOM,DXB,BOM,07-06-2024,263,B737,190,145,2529930,816350,1713580
FL0525,DEL-DXB,DEL,DXB,08-06-2024,123,A321,200,151,1253617,319365,934252
FL0526,DXB-DEL,DXB,DEL,09-06-2024,287,B787,260,205,3903935,601675,3302260
FL0527,BLR-SIN,BLR,SIN,10-06-2024,513,A380,500,309,10323959,2512170,7811789
FL0528,SIN-BLR,SIN,BLR,11-06-2024,49,ATR72,72,44,176302,153560,22742
FL0529,BOM-SIN,BOM,SIN,12-06-2024,94,A320,180,136,817254,535840,281414
FL0530,SIN-BOM,SIN,BOM,13-06-2024,220,B737,190,147,1798462,764400,1034062
FL0531,DEL-LHR,DEL,LHR,14-06-2024,355,A321,200,189,3686222,1237950,2448272
FL0532,LHR-DEL,LHR,DEL,15-06-2024,478,B787,260,157,6916369,1221460,5694909
FL0533,BOM-LHR,BOM,LHR,16-06-2024,464,A380,500,451,9195997,3445640,5750357
FL0534,LHR-BOM,LHR,BOM,17-06-2024,140,ATR72,72,56,474580,246400,228180
FL0535,DEL-JFK,DEL,JFK,18-06-2024,97,A320,180,116,703051,460520,242531
FL0536,JFK-DEL,JFK,DEL,19-06-2024,293,B737,190,162,2458940,960660,1498280
FL0537,BLR-DXB,BLR,DXB,20-06-2024,208,A321,200,171,1840115,868680,971435
FL0538,DXB-BLR,DXB,BLR,21-06-2024,537,B787,260,235,7534888,1966950,5567938
FL0539,HYD-BOM,HYD,BOM,22-06-2024,469,A380,500,415,10277912,1595675,8682237
FL0540,BOM-HYD,BOM,HYD,23-06-2024,72,ATR72,72,60,251857,111600,140257
FL0541,BOM-DEL,BOM,DEL,24-06-2024,204,A320,180,160,1751008,403200,1347808
FL0542,DEL-BOM,DEL,BOM,25-06-2024,135,B737,190,121,1286809,263175,1023634
FL0543,DEL-BLR,DEL,BLR,26-06-2024,368,A321,200,162,3804260,541080,3263180
FL0544,BLR-DEL,BLR,DEL,27-06-2024,321,B787,260,191,4960637,593055,4367582
FL0545,BOM-BLR,BOM,BLR,28-06-2024,269,A380,500,361,5013393,1027045,3986348
FL0546,BLR-BOM,BLR,BOM,29-06-2024,93,ATR72,72,44,356564,86460,270104
FL0547,BOM-CCU,BOM,CCU,30-06-2024,228,A320,180,170,1916085,448800,1467285
FL0548,CCU-BOM,CCU,BOM,01-07-2024,304,B737,190,151,2866479,456020,2410459
FL0549,DEL-HYD,DEL,HYD,02-07-2024,177,A321,200,148,1623331,352980,1270351
FL0550,HYD-DEL,HYD,DEL,03-07-2024,281,B787,260,195,4553359,566475,3986884
FL0551,BLR-CCU,BLR,CCU,04-07-2024,458,A380,500,376,9742272,1425040,8317232
FL0552,CCU-BLR,CCU,BLR,05-07-2024,117,ATR72,72,50,421709,104250,317459
FL0553,BOM-DXB,BOM,DXB,06-07-2024,272,A320,180,128,2117884,732160,1385724
FL0554,DXB-BOM,DXB,BOM,07-07-2024,258,B737,190,151,2266466,842580,1423886
FL0555,DEL-DXB,DEL,DXB,08-07-2024,172,A321,200,151,1548229,356360,1191869
FL0556,DXB-DEL,DXB,DEL,09-07-2024,470,B787,260,176,6448206,677600,5770606
FL0557,BLR-SIN,BLR,SIN,10-07-2024,534,A380,500,329,10984542,2743860,8240682
FL0558,SIN-BLR,SIN,BLR,11-07-2024,95,ATR72,72,54,324505,213300,111205
FL0559,BOM-SIN,BOM,SIN,12-07-2024,85,A320,180,167,727214,642950,84264
FL0560,SIN-BOM,SIN,BOM,13-07-2024,176,B737,190,168,1460105,799680,660425
FL0561,DEL-LHR,DEL,LHR,14-07-2024,212,A321,200,147,2046293,752640,1293653
FL0562,LHR-DEL,LHR,DEL,15-07-2024,479,B787,260,199,7033202,1550210,5482992
FL0563,BOM-LHR,BOM,LHR,16-07-2024,522,A380,500,442,10895440,3633240,7262200
FL0564,LHR-BOM,LHR,BOM,17-07-2024,72,ATR72,72,43,236667,159960,76707
FL0565,DEL-JFK,DEL,JFK,18-07-2024,139,A320,180,148,1200521,649720,550801
FL0566,JFK-DEL,JFK,DEL,19-07-2024,340,B737,190,157,2986605,1004800,1981805
FL0567,BLR-DXB,BLR,DXB,20-07-2024,356,A321,200,153,3175399,1003680,2171719
FL0568,DXB-BLR,DXB,BLR,21-07-2024,513,B787,260,200,7320679,1626000,5694679
FL0569,HYD-BOM,HYD,BOM,22-07-2024,231,A380,500,417,5016955,1107135,3909820
FL0570,BOM-HYD,BOM,HYD,23-07-2024,57,ATR72,72,56,191971,99960,92011
FL0571,BOM-DEL,BOM,DEL,24-07-2024,223,A320,180,153,1748286,400095,1348191
FL0572,DEL-BOM,DEL,BOM,25-07-2024,136,B737,190,141,1131437,307380,824057
FL0573,DEL-BLR,DEL,BLR,26-07-2024,342,A321,200,167,3041998,536070,2505928
FL0574,BLR-DEL,BLR,DEL,27-07-2024,338,B787,260,220,4671373,701800,3969573
FL0575,BOM-BLR,BOM,BLR,28-07-2024,477,A380,500,460,9395998,1787100,7608898
FL0576,BLR-BOM,BLR,BOM,29-07-2024,147,ATR72,72,63,519668,140805,378863
FL0577,BOM-CCU,BOM,CCU,30-07-2024,179,A320,180,141,1320963,337695,983268
FL0578,CCU-BOM,CCU,BOM,31-07-2024,200,B737,190,154,1914907,385000,1529907
FL0579,DEL-HYD,DEL,HYD,01-08-2024,293,A321,200,161,2947027,477365,2469662
FL0580,HYD-DEL,HYD,DEL,02-08-2024,450,B787,260,211,6629888,791250,5838638
FL0581,BLR-CCU,BLR,CCU,03-08-2024,304,A380,500,458,6408252,1383160,5025092
FL0582,CCU-BLR,CCU,BLR,04-08-2024,78,ATR72,72,49,288316,92610,195706
FL0583,BOM-DXB,BOM,DXB,05-08-2024,109,A320,180,154,933244,629860,303384
FL0584,DXB-BOM,DXB,BOM,06-08-2024,226,B737,190,158,1869463,831080,1038383
FL0585,DEL-DXB,DEL,DXB,07-08-2024,243,A321,200,130,2273385,352950,1920435
FL0586,DXB-DEL,DXB,DEL,08-08-2024,248,B787,260,171,3896234,468540,3427694
FL0587,BLR-SIN,BLR,SIN,09-08-2024,405,A380,500,382,8157280,2693100,5464180
FL0588,SIN-BLR,SIN,BLR,10-08-2024,51,ATR72,72,43,183568,150930,32638
FL0589,BOM-SIN,BOM,SIN,11-08-2024,279,A320,180,120,2293585,694800,1598785
FL0590,SIN-BOM,SIN,BOM,12-08-2024,137,B737,190,156,1124114,681720,442394
FL0591,DEL-LHR,DEL,LHR,13-08-2024,337,A321,200,139,3263639,885430,2378209
FL0592,LHR-DEL,LHR,DEL,14-08-2024,325,B787,260,192,4804994,1200000,3604994
FL0593,BOM-LHR,BOM,LHR,15-08-2024,346,A380,500,426,6249896,2751960,3497936
FL0594,LHR-BOM,LHR,BOM,16-08-2024,53,ATR72,72,46,170812,162380,8432
FL0595,DEL-JFK,DEL,JFK,17-08-2024,277,A320,180,129,2395728,744330,1651398
FL0596,JFK-DEL,JFK,DEL,18-08-2024,168,B737,190,119,1386703,556920,829783
FL0597,BLR-DXB,BLR,DXB,19-08-2024,243,A321,200,133,2226950,722190,1504760
FL0598,DXB-BLR,DXB,BLR,20-08-2024,249,B787,260,188,3413359,1032120,2381239
FL0599,HYD-BOM,HYD,BOM,21-08-2024,228,A380,500,445,4714677,1174800,3539877
FL0600,BOM-HYD,BOM,HYD,22-08-2024,73,ATR72,72,49,257544,91385,166159
FL0601,BOM-DEL,BOM,DEL,23-08-2024,289,A320,180,145,2395293,427025,1968268
FL0602,DEL-BOM,DEL,BOM,24-08-2024,117,B737,190,136,1088693,283560,805133
FL0603,DEL-BLR,DEL,BLR,25-08-2024,294,A321,200,146,2716440,433620,2282820
FL0604,BLR-DEL,BLR,DEL,26-08-2024,470,B787,260,222,7000939,854700,6146239
FL0605,BOM-BLR,BOM,BLR,27-08-2024,443,A380,500,401,8131295,1489715,6641580
FL0606,BLR-BOM,BLR,BOM,28-08-2024,98,ATR72,72,47,356034,93530,262504
FL0607,BOM-CCU,BOM,CCU,29-08-2024,114,A320,180,141,838433,291870,546563
FL0608,CCU-BOM,CCU,BOM,30-08-2024,180,B737,190,168,1458400,403200,1055200
FL0609,DEL-HYD,DEL,HYD,31-08-2024,215,A321,200,175,2217002,450625,1766377
FL0610,HYD-DEL,HYD,DEL,01-09-2024,416,B787,260,166,6831757,594280,6237477
FL0611,BLR-CCU,BLR,CCU,02-09-2024,297,A380,500,473,6447277,1411905,5035372
FL0612,CCU-BLR,CCU,BLR,03-09-2024,137,ATR72,72,49,495952,107065,388887
FL0613,BOM-DXB,BOM,DXB,04-09-2024,143,A320,180,147,1049991,651210,398781
FL0614,DXB-BOM,DXB,BOM,05-09-2024,290,B737,190,171,2666629,1008900,1657729
FL0615,DEL-DXB,DEL,DXB,06-09-2024,117,A321,200,131,1014379,273135,741244
FL0616,DXB-DEL,DXB,DEL,07-09-2024,471,B787,260,183,6730278,705465,6024813
FL0617,BLR-SIN,BLR,SIN,08-09-2024,245,A380,500,366,4749395,1994700,2754695
FL0618,SIN-BLR,SIN,BLR,09-09-2024,102,ATR72,72,56,380225,225120,155105
FL0619,BOM-SIN,BOM,SIN,10-09-2024,249,A320,180,136,2032076,746640,1285436
FL0620,SIN-BOM,SIN,BOM,11-09-2024,321,B737,190,175,2887245,1086750,1800495
FL0621,DEL-LHR,DEL,LHR,12-09-2024,395,A321,200,179,3533737,1244050,2289687
FL0622,LHR-DEL,LHR,DEL,13-09-2024,418,B787,260,192,6319824,1378560,4941264
FL0623,BOM-LHR,BOM,LHR,14-09-2024,470,A380,500,418,9461064,3218600,6242464
FL0624,LHR-BOM,LHR,BOM,15-09-2024,107,ATR72,72,63,396223,256410,139813
FL0625,DEL-JFK,DEL,JFK,16-09-2024,239,A320,180,159,1844134,857010,987124
FL0626,JFK-DEL,JFK,DEL,17-09-2024,222,B737,190,125,2075902,652500,1423402
FL0627,BLR-DXB,BLR,DXB,18-09-2024,285,A321,200,188,2783836,1099800,1684036
FL0628,DXB-BLR,DXB,BLR,19-09-2024,204,B787,260,208,3047364,1048320,1999044
FL0629,HYD-BOM,HYD,BOM,20-09-2024,468,A380,500,461,9335779,1770240,7565539
FL0630,BOM-HYD,BOM,HYD,21-09-2024,139,ATR72,72,65,518544,142675,375869
FL0631,BOM-DEL,BOM,DEL,22-09-2024,239,A320,180,139,1873248,374605,1498643
FL0632,DEL-BOM,DEL,BOM,23-09-2024,84,B737,190,158,698810,303360,395450
FL0633,DEL-BLR,DEL,BLR,24-09-2024,104,A321,200,136,905001,274720,630281
FL0634,BLR-DEL,BLR,DEL,25-09-2024,191,B787,260,243,2826321,596565,2229756
FL0635,BOM-BLR,BOM,BLR,26-09-2024,320,A380,500,463,6881414,1435300,5446114
FL0636,BLR-BOM,BLR,BOM,27-09-2024,122,ATR72,72,45,439026,94950,344076
FL0637,BOM-CCU,BOM,CCU,28-09-2024,152,A320,180,109,1240940,246340,994600
FL0638,CCU-BOM,CCU,BOM,29-09-2024,210,B737,190,124,1724190,316200,1407990
FL0639,DEL-HYD,DEL,HYD,30-09-2024,345,A321,200,134,3267406,432150,2835256
FL0640,HYD-DEL,HYD,DEL,01-10-2024,357,B787,260,161,5563882,528885,5034997
FL0641,BLR-CCU,BLR,CCU,02-10-2024,262,A380,500,329,4794212,924490,3869722
FL0642,CCU-BLR,CCU,BLR,03-10-2024,57,ATR72,72,50,183581,89250,94331
FL0643,BOM-DXB,BOM,DXB,04-10-2024,139,A320,180,151,1138254,662890,475364
FL0644,DXB-BOM,DXB,BOM,05-10-2024,319,B737,190,180,3051281,1114200,1937081
FL0645,DEL-DXB,DEL,DXB,06-10-2024,387,A321,200,132,3791003,453420,3337583
FL0646,DXB-DEL,DXB,DEL,07-10-2024,410,B787,260,221,6509275,784550,5724725
FL0647,BLR-SIN,BLR,SIN,08-10-2024,370,A380,500,378,6948041,2532600,4415441
FL0648,SIN-BLR,SIN,BLR,09-10-2024,36,ATR72,72,56,125537,188160,-62623
FL0649,BOM-SIN,BOM,SIN,10-10-2024,258,A320,180,154,2175169,859320,1315849
FL0650,SIN-BOM,SIN,BOM,11-10-2024,242,B737,190,141,2169873,764220,1405653
FL0651,DEL-LHR,DEL,LHR,12-10-2024,325,A321,200,175,3138226,1093750,2044476
FL0652,LHR-DEL,LHR,DEL,13-10-2024,493,B787,260,173,7570924,1371890,6199034
FL0653,BOM-LHR,BOM,LHR,14-10-2024,192,A380,500,302,3641242,1485840,2155402
FL0654,LHR-BOM,LHR,BOM,15-10-2024,114,ATR72,72,48,364256,198720,165536
FL0655,DEL-JFK,DEL,JFK,16-10-2024,219,A320,180,138,1615251,716220,899031
FL0656,JFK-DEL,JFK,DEL,17-10-2024,247,B737,190,156,2222703,853320,1369383
FL0657,BLR-DXB,BLR,DXB,18-10-2024,335,A321,200,126,3175015,800100,2374915
FL0658,DXB-BLR,DXB,BLR,19-10-2024,375,B787,260,234,5336412,1579500,3756912
FL0659,HYD-BOM,HYD,BOM,20-10-2024,261,A380,500,383,5090427,1074315,4016112
FL0660,BOM-HYD,BOM,HYD,21-10-2024,81,ATR72,72,64,277398,121920,155478
FL0661,BOM-DEL,BOM,DEL,22-10-2024,101,A320,180,164,881582,328820,552762
FL0662,DEL-BOM,DEL,BOM,23-10-2024,76,B737,190,157,744579,295160,449419
FL0663,DEL-BLR,DEL,BLR,24-10-2024,209,A321,200,150,1888079,381750,1506329
FL0664,BLR-DEL,BLR,DEL,25-10-2024,189,B787,260,240,2694984,586800,2108184
FL0665,BOM-BLR,BOM,BLR,26-10-2024,411,A380,500,380,8445559,1350900,7094659
FL0666,BLR-BOM,BLR,BOM,27-10-2024,63,ATR72,72,52,218300,94380,123920
FL0667,BOM-CCU,BOM,CCU,28-10-2024,236,A320,180,146,1724367,391280,1333087
FL0668,CCU-BOM,CCU,BOM,29-10-2024,232,B737,190,123,2187152,327180,1859972
FL0669,DEL-HYD,DEL,HYD,30-10-2024,166,A321,200,167,1432443,389110,1043333
FL0670,HYD-DEL,HYD,DEL,31-10-2024,266,B787,260,221,3648523,625430,3023093
FL0671,BLR-CCU,BLR,CCU,01-11-2024,331,A380,500,306,6631358,965430,5665928
FL0672,CCU-BLR,CCU,BLR,02-11-2024,133,ATR72,72,52,446557,112580,333977
FL0673,BOM-DXB,BOM,DXB,03-11-2024,198,A320,180,169,1724125,841620,882505
FL0674,DXB-BOM,DXB,BOM,04-11-2024,87,B737,190,137,769239,530190,239049
FL0675,DEL-DXB,DEL,DXB,05-11-2024,340,A321,200,166,3400784,531200,2869584
FL0676,DXB-DEL,DXB,DEL,06-11-2024,499,B787,260,194,6860178,775030,6085148
FL0677,BLR-SIN,BLR,SIN,07-11-2024,547,A380,500,469,10492433,3972430,6520003
FL0678,SIN-BLR,SIN,BLR,08-11-2024,133,ATR72,72,58,454508,251140,203368
FL0679,BOM-SIN,BOM,SIN,09-11-2024,237,A320,180,108,1803252,579960,1223292
FL0680,SIN-BOM,SIN,BOM,10-11-2024,137,B737,190,118,1346393,515660,830733
FL0681,DEL-LHR,DEL,LHR,11-11-2024,198,A321,200,122,2057245,607560,1449685
FL0682,LHR-DEL,LHR,DEL,12-11-2024,328,B787,260,167,4894746,1048760,3845986
FL0683,BOM-LHR,BOM,LHR,13-11-2024,437,A380,500,405,8884074,2984850,5899224
FL0684,LHR-BOM,LHR,BOM,14-11-2024,124,ATR72,72,56,444112,237440,206672
FL0685,DEL-JFK,DEL,JFK,15-11-2024,285,A320,180,116,2206249,678600,1527649
FL0686,JFK-DEL,JFK,DEL,16-11-2024,242,B737,190,120,2123982,650400,1473582
FL0687,BLR-DXB,BLR,DXB,17-11-2024,203,A321,200,147,1798782,739410,1059372
FL0688,DXB-BLR,DXB,BLR,18-11-2024,392,B787,260,217,5875352,1501640,4373712
FL0689,HYD-BOM,HYD,BOM,19-11-2024,292,A380,500,413,5589939,1222480,4367459
FL0690,BOM-HYD,BOM,HYD,20-11-2024,61,ATR72,72,51,229694,92055,137639
FL0691,BOM-DEL,BOM,DEL,21-11-2024,71,A320,180,165,539854,306075,233779
FL0692,DEL-BOM,DEL,BOM,22-11-2024,208,B737,190,179,1964923,454660,1510263
FL0693,DEL-BLR,DEL,BLR,23-11-2024,317,A321,200,174,3105556,536790,2568766
FL0694,BLR-DEL,BLR,DEL,24-11-2024,382,B787,260,185,6020152,630850,5389302
FL0695,BOM-BLR,BOM,BLR,25-11-2024,524,A380,500,464,9522492,1911680,7610812
FL0696,BLR-BOM,BLR,BOM,26-11-2024,111,ATR72,72,45,402897,92475,310422
FL0697,BOM-CCU,BOM,CCU,27-11-2024,239,A320,180,159,1802446,428505,1373941
FL0698,CCU-BOM,CCU,BOM,28-11-2024,147,B737,190,136,1300089,303960,996129
FL0699,DEL-HYD,DEL,HYD,29-11-2024,268,A321,200,172,2603000,488480,2114520
FL0700,HYD-DEL,HYD,DEL,30-11-2024,297,B787,260,207,4623296,617895,4005401
FL0701,BLR-CCU,BLR,CCU,01-12-2024,474,A380,500,401,10195054,1551870,8643184
FL0702,CCU-BLR,CCU,BLR,02-12-2024,130,ATR72,72,47,451501,101050,350451
FL0703,BOM-DXB,BOM,DXB,03-12-2024,203,A320,180,159,1702508,799770,902738
FL0704,DXB-BOM,DXB,BOM,04-12-2024,62,B737,190,179,513268,647980,-134712
FL0705,DEL-DXB,DEL,DXB,05-12-2024,303,A321,200,181,2969207,545715,2423492
FL0706,DXB-DEL,DXB,DEL,06-12-2024,189,B787,260,223,3013672,545235,2468437
FL0707,BLR-SIN,BLR,SIN,07-12-2024,398,A380,500,332,7729772,2317360,5412412
FL0708,SIN-BLR,SIN,BLR,08-12-2024,42,ATR72,72,56,147710,191520,-43810
FL0709,BOM-SIN,BOM,SIN,09-12-2024,293,A320,180,155,2126153,919150,1207003
FL0710,SIN-BOM,SIN,BOM,10-12-2024,268,B737,190,114,2532380,647520,1884860
FL0711,DEL-LHR,DEL,LHR,11-12-2024,99,A321,200,142,874455,566580,307875
FL0712,LHR-DEL,LHR,DEL,12-12-2024,249,B787,260,235,4105761,1290150,2815611
FL0713,BOM-LHR,BOM,LHR,13-12-2024,311,A380,500,367,6398346,2242370,4155976
FL0714,LHR-BOM,LHR,BOM,14-12-2024,39,ATR72,72,65,139040,220350,-81310
FL0715,DEL-JFK,DEL,JFK,15-12-2024,96,A320,180,149,691488,590040,101448
FL0716,JFK-DEL,JFK,DEL,16-12-2024,261,B737,190,155,2281110,869550,1411560
FL0717,BLR-DXB,BLR,DXB,17-12-2024,136,A321,200,147,1266761,640920,625841
FL0718,DXB-BLR,DXB,BLR,18-12-2024,250,B787,260,199,3856744,1094500,2762244
FL0719,HYD-BOM,HYD,BOM,19-12-2024,395,A380,500,318,7466193,1105050,6361143
FL0720,BOM-HYD,BOM,HYD,20-12-2024,145,ATR72,72,57,518003,126825,391178
FL0721,BOM-DEL,BOM,DEL,21-12-2024,221,A320,180,145,1804118,377725,1426393
FL0722,DEL-BOM,DEL,BOM,22-12-2024,247,B737,190,168,2222224,459480,1762744
FL0723,DEL-BLR,DEL,BLR,23-12-2024,290,A321,200,124,2663665,365800,2297865
FL0724,BLR-DEL,BLR,DEL,24-12-2024,209,B787,260,245,2953070,623525,2329545
FL0725,BOM-BLR,BOM,BLR,25-12-2024,535,A380,500,390,10572025,1628250,8943775
FL0726,BLR-BOM,BLR,BOM,26-12-2024,129,ATR72,72,46,472766,98670,374096
FL0727,BOM-CCU,BOM,CCU,27-12-2024,284,A320,180,113,2145046,329960,1815086
FL0728,CCU-BOM,CCU,BOM,28-12-2024,310,B737,190,167,2938756,509350,2429406
FL0729,DEL-HYD,DEL,HYD,29-12-2024,392,A321,200,185,3830182,640100,3190082
FL0730,HYD-DEL,HYD,DEL,30-12-2024,377,B787,260,213,5978071,721005,5257066
FL0731,BLR-CCU,BLR,CCU,01-01-2024,377,A380,500,473,7912807,1601105,6311702
FL0732,CCU-BLR,CCU,BLR,02-01-2024,132,ATR72,72,57,470109,123120,346989
FL0733,BOM-DXB,BOM,DXB,03-01-2024,120,A320,180,169,895736,709800,185936
FL0734,DXB-BOM,DXB,BOM,04-01-2024,166,B737,190,115,1593111,535900,1057211
FL0735,DEL-DXB,DEL,DXB,05-01-2024,277,A321,200,156,2525569,450060,2075509
FL0736,DXB-DEL,DXB,DEL,06-01-2024,424,B787,260,161,6808670,582820,6225850
FL0737,BLR-SIN,BLR,SIN,07-01-2024,248,A380,500,447,4648612,2449560,2199052
FL0738,SIN-BLR,SIN,BLR,08-01-2024,78,ATR72,72,54,296879,204120,92759
FL0739,BOM-SIN,BOM,SIN,09-01-2024,159,A320,180,116,1165305,532440,632865
FL0740,SIN-BOM,SIN,BOM,10-01-2024,290,B737,190,174,2823701,1026600,1797101
FL0741,DEL-LHR,DEL,LHR,11-01-2024,359,A321,200,171,3591606,1126890,2464716
FL0742,LHR-DEL,LHR,DEL,12-01-2024,361,B787,260,176,5015751,1163360,3852391
FL0743,BOM-LHR,BOM,LHR,13-01-2024,236,A380,500,431,4868165,2310160,2558005
FL0744,LHR-BOM,LHR,BOM,14-01-2024,65,ATR72,72,43,217614,156950,60664
FL0745,DEL-JFK,DEL,JFK,15-01-2024,165,A320,180,125,1257090,581250,675840
FL0746,JFK-DEL,JFK,DEL,16-01-2024,222,B737,190,132,2112735,689040,1423695
FL0747,BLR-DXB,BLR,DXB,17-01-2024,261,A321,200,150,2650481,841500,1808981
FL0748,DXB-BLR,DXB,BLR,18-01-2024,249,B787,260,161,3725715,883890,2841825
FL0749,HYD-BOM,HYD,BOM,19-01-2024,363,A380,500,308,7433803,1021020,6412783
FL0750,BOM-HYD,BOM,HYD,20-01-2024,136,ATR72,72,46,479086,100280,378806
FL0751,BOM-DEL,BOM,DEL,21-01-2024,220,A320,180,156,1614421,405600,1208821
FL0752,DEL-BOM,DEL,BOM,22-01-2024,219,B737,190,158,2153670,410010,1743660
FL0753,DEL-BLR,DEL,BLR,23-01-2024,222,A321,200,181,2064056,472410,1591646
FL0754,BLR-DEL,BLR,DEL,24-01-2024,333,B787,260,194,4755397,614010,4141387
FL0755,BOM-BLR,BOM,BLR,25-01-2024,492,A380,500,386,10783756,1528560,9255196
FL0756,BLR-BOM,BLR,BOM,26-01-2024,98,ATR72,72,59,322289,117410,204879
FL0757,BOM-CCU,BOM,CCU,27-01-2024,275,A320,180,129,2115827,370875,1744952
FL0758,CCU-BOM,CCU,BOM,28-01-2024,220,B737,190,124,1871225,322400,1548825
FL0759,DEL-HYD,DEL,HYD,29-01-2024,165,A321,200,159,1574833,369675,1205158
FL0760,HYD-DEL,HYD,DEL,30-01-2024,240,B787,260,176,3530864,475200,3055664
FL0761,BLR-CCU,BLR,CCU,31-01-2024,222,A380,500,311,4624557,811710,3812847
FL0762,CCU-BLR,CCU,BLR,01-02-2024,46,ATR72,72,58,152181,100340,51841
FL0763,BOM-DXB,BOM,DXB,02-02-2024,157,A320,180,138,1172042,630660,541382
FL0764,DXB-BOM,DXB,BOM,03-02-2024,61,B737,190,158,517826,570380,-52554
FL0765,DEL-DXB,DEL,DXB,04-02-2024,177,A321,200,180,1668102,429300,1238802
FL0766,DXB-DEL,DXB,DEL,05-02-2024,346,B787,260,205,4735639,662150,4073489
FL0767,BLR-SIN,BLR,SIN,06-02-2024,473,A380,500,441,9382881,3408930,5973951
FL0768,SIN-BLR,SIN,BLR,07-02-2024,93,ATR72,72,63,325321,247590,77731
FL0769,BOM-SIN,BOM,SIN,08-02-2024,91,A320,180,124,679181,484840,194341
FL0770,SIN-BOM,SIN,BOM,09-02-2024,127,B737,190,164,1147431,700280,447151
FL0771,DEL-LHR,DEL,LHR,10-02-2024,311,A321,200,181,3178794,1105910,2072884
FL0772,LHR-DEL,LHR,DEL,11-02-2024,271,B787,260,179,4428116,1022090,3406026
FL0773,BOM-LHR,BOM,LHR,12-02-2024,347,A380,500,472,7317553,3053840,4263713
FL0774,LHR-BOM,LHR,BOM,13-02-2024,92,ATR72,72,57,295863,223440,72423
FL0775,DEL-JFK,DEL,JFK,14-02-2024,190,A320,180,165,1531765,808500,723265
FL0776,JFK-DEL,JFK,DEL,15-02-2024,286,B737,190,121,2654710,709060,1945650
FL0777,BLR-DXB,BLR,DXB,16-02-2024,168,A321,200,147,1466215,687960,778255
FL0778,DXB-BLR,DXB,BLR,17-02-2024,376,B787,260,243,5305848,1642680,3663168
FL0779,HYD-BOM,HYD,BOM,18-02-2024,253,A380,500,316,4914951,873740,4041211
FL0780,BOM-HYD,BOM,HYD,19-02-2024,70,ATR72,72,57,251594,105450,146144
FL0781,BOM-DEL,BOM,DEL,20-02-2024,114,A320,180,148,856521,306360,550161
FL0782,DEL-BOM,DEL,BOM,21-02-2024,297,B737,190,149,2490142,444765,2045377
FL0783,DEL-BLR,DEL,BLR,22-02-2024,347,A321,200,131,3371312,423785,2947527
FL0784,BLR-DEL,BLR,DEL,23-02-2024,544,B787,260,238,7795908,1004360,6791548
FL0785,BOM-BLR,BOM,BLR,24-02-2024,219,A380,500,388,4465946,1006860,3459086
FL0786,BLR-BOM,BLR,BOM,25-02-2024,148,ATR72,72,47,558817,105280,453537
FL0787,BOM-CCU,BOM,CCU,26-02-2024,183,A320,180,159,1409293,383985,1025308
FL0788,CCU-BOM,CCU,BOM,27-02-2024,305,B737,190,170,2535086,514250,2020836
FL0789,DEL-HYD,DEL,HYD,28-02-2024,381,A321,200,142,3973064,483510,3489554
FL0790,HYD-DEL,HYD,DEL,29-02-2024,288,B787,260,245,4465082,720300,3744782
FL0791,BLR-CCU,BLR,CCU,01-03-2024,448,A380,500,356,9850764,1331440,8519324
FL0792,CCU-BLR,CCU,BLR,02-03-2024,124,ATR72,72,59,401868,125080,276788
FL0793,BOM-DXB,BOM,DXB,03-03-2024,128,A320,180,143,1029611,612040,417571
FL0794,DXB-BOM,DXB,BOM,04-03-2024,340,B737,190,168,2882368,1075200,1807168
FL0795,DEL-DXB,DEL,DXB,05-03-2024,212,A321,200,188,1948279,481280,1466999
FL0796,DXB-DEL,DXB,DEL,06-03-2024,444,B787,260,230,6714337,855600,5858737
FL0797,BLR-SIN,BLR,SIN,07-03-2024,390,A380,500,432,8561382,2980800,5580582
FL0798,SIN-BLR,SIN,BLR,08-03-2024,95,ATR72,72,63,329791,248850,80941
FL0799,BOM-SIN,BOM,SIN,09-03-2024,272,A320,180,124,2314939,709280,1605659
FL0800,SIN-BOM,SIN,BOM,10-03-2024,135,B737,190,136,1135724,591600,544124
FL0801,DEL-LHR,DEL,LHR,11-03-2024,356,A321,200,127,3102768,833120,2269648
FL0802,LHR-DEL,LHR,DEL,12-03-2024,342,B787,260,168,4973987,1078560,3895427
FL0803,BOM-LHR,BOM,LHR,13-03-2024,517,A380,500,431,10652573,3521270,7131303
FL0804,LHR-BOM,LHR,BOM,14-03-2024,77,ATR72,72,57,282331,214890,67441
FL0805,DEL-JFK,DEL,JFK,15-03-2024,167,A320,180,137,1464016,639790,824226
FL0806,JFK-DEL,JFK,DEL,16-03-2024,348,B737,190,122,3242357,790560,2451797
FL0807,BLR-DXB,BLR,DXB,17-03-2024,145,A321,200,142,1240801,631900,608901
FL0808,DXB-BLR,DXB,BLR,18-03-2024,226,B787,260,171,3631189,899460,2731729
FL0809,HYD-BOM,HYD,BOM,19-03-2024,303,A380,500,473,5542077,1426095,4115982
FL0810,BOM-HYD,BOM,HYD,20-03-2024,92,ATR72,72,51,345595,99960,245635
FL0811,BOM-DEL,BOM,DEL,21-03-2024,106,A320,180,127,799264,257810,541454
FL0812,DEL-BOM,DEL,BOM,22-03-2024,286,B737,190,164,2526796,480520,2046276
FL0813,DEL-BLR,DEL,BLR,23-03-2024,221,A321,200,183,1987287,476715,1510572
FL0814,BLR-DEL,BLR,DEL,24-03-2024,534,B787,260,161,8648953,671370,7977583
FL0815,BOM-BLR,BOM,BLR,25-03-2024,294,A380,500,458,6080781,1360260,4720521
FL0816,BLR-BOM,BLR,BOM,26-03-2024,52,ATR72,72,47,177987,82720,95267
FL0817,BOM-CCU,BOM,CCU,27-03-2024,105,A320,180,137,901246,277425,623821
FL0818,CCU-BOM,CCU,BOM,28-03-2024,249,B737,190,139,2454701,381555,2073146
FL0819,DEL-HYD,DEL,HYD,29-03-2024,163,A321,200,121,1524171,280115,1244056
FL0820,HYD-DEL,HYD,DEL,30-03-2024,449,B787,260,239,6438710,895055,5543655
FL0821,BLR-CCU,BLR,CCU,31-03-2024,262,A380,500,470,5581688,1320700,4260988
FL0822,CCU-BLR,CCU,BLR,01-04-2024,48,ATR72,72,63,151805,109620,42185
FL0823,BOM-DXB,BOM,DXB,02-04-2024,130,A320,180,147,1052310,632100,420210
FL0824,DXB-BOM,DXB,BOM,03-04-2024,183,B737,190,169,1575033,816270,758763
FL0825,DEL-DXB,DEL,DXB,04-04-2024,199,A321,200,169,1905888,421655,1484233
FL0826,DXB-DEL,DXB,DEL,05-04-2024,465,B787,260,160,7068703,612000,6456703
FL0827,BLR-SIN,BLR,SIN,06-04-2024,487,A380,500,352,9931600,2770240,7161360
FL0828,SIN-BLR,SIN,BLR,07-04-2024,128,ATR72,72,48,468630,205440,263190
FL0829,BOM-SIN,BOM,SIN,08-04-2024,100,A320,180,111,864463,444000,420463
FL0830,SIN-BOM,SIN,BOM,09-04-2024,323,B737,190,172,2808399,1071560,1736839
FL0831,DEL-LHR,DEL,LHR,10-04-2024,165,A321,200,182,1468851,846300,622551
FL0832,LHR-DEL,LHR,DEL,11-04-2024,362,B787,260,204,5797233,1350480,4446753
FL0833,BOM-LHR,BOM,LHR,12-04-2024,337,A380,500,375,6426962,2388750,4038212
FL0834,LHR-BOM,LHR,BOM,13-04-2024,139,ATR72,72,64,488586,280960,207626
FL0835,DEL-JFK,DEL,JFK,14-04-2024,128,A320,180,123,966702,526440,440262
FL0836,JFK-DEL,JFK,DEL,15-04-2024,231,B737,190,121,1910125,642510,1267615
FL0837,BLR-DXB,BLR,DXB,16-04-2024,114,A321,200,178,1165086,736920,428166
FL0838,DXB-BLR,DXB,BLR,17-04-2024,244,B787,260,158,3802337,859520,2942817
FL0839,HYD-BOM,HYD,BOM,18-04-2024,511,A380,500,459,10147301,1861245,8286056
FL0840,BOM-HYD,BOM,HYD,19-04-2024,44,ATR72,72,58,166089,99760,66329
FL0841,BOM-DEL,BOM,DEL,20-04-2024,152,A320,180,118,1324979,266680,1058299
FL0842,DEL-BOM,DEL,BOM,21-04-2024,97,B737,190,153,908379,303705,604674
FL0843,DEL-BLR,DEL,BLR,22-04-2024,211,A321,200,167,1856845,426685,1430160
FL0844,BLR-DEL,BLR,DEL,23-04-2024,439,B787,260,190,6568757,702050,5866707
FL0845,BOM-BLR,BOM,BLR,24-04-2024,521,A380,500,345,9943949,1416225,8527724
FL0846,BLR-BOM,BLR,BOM,25-04-2024,120,ATR72,72,61,420526,128100,292426
FL0847,BOM-CCU,BOM,CCU,26-04-2024,146,A320,180,133,1259449,296590,962859
FL0848,CCU-BOM,CCU,BOM,27-04-2024,269,B737,190,138,2407681,392610,2015071
FL0849,DEL-HYD,DEL,HYD,28-04-2024,297,A321,200,183,2674136,546255,2127881
FL0850,HYD-DEL,HYD,DEL,29-04-2024,541,B787,260,244,7841276,1026020,6815256
FL0851,BLR-CCU,BLR,CCU,30-04-2024,420,A380,500,408,8349169,1468800,6880369
FL0852,CCU-BLR,CCU,BLR,01-05-2024,77,ATR72,72,50,253706,94250,159456
FL0853,BOM-DXB,BOM,DXB,02-05-2024,200,A320,180,141,1713323,705000,1008323
FL0854,DXB-BOM,DXB,BOM,03-05-2024,249,B737,190,169,2395147,927810,1467337
FL0855,DEL-DXB,DEL,DXB,04-05-2024,169,A321,200,152,1585764,356440,1229324
FL0856,DXB-DEL,DXB,DEL,05-05-2024,371,B787,260,202,5335153,677710,4657443
FL0857,BLR-SIN,BLR,SIN,06-05-2024,412,A380,500,369,7559528,2627280,4932248
FL0858,SIN-BLR,SIN,BLR,07-05-2024,70,ATR72,72,63,246548,233100,13448
FL0859,BOM-SIN,BOM,SIN,08-05-2024,118,A320,180,139,1014653,581020,433633
FL0860,SIN-BOM,SIN,BOM,09-05-2024,251,B737,190,160,2481654,881600,1600054
FL0861,DEL-LHR,DEL,LHR,10-05-2024,206,A321,200,139,1915737,703340,1212397
FL0862,LHR-DEL,LHR,DEL,11-05-2024,287,B787,260,222,4634124,1303140,3330984
FL0863,BOM-LHR,BOM,LHR,12-05-2024,288,A380,500,406,5540397,2387280,3153117
FL0864,LHR-BOM,LHR,BOM,13-05-2024,74,ATR72,72,61,282518,228140,54378
FL0865,DEL-JFK,DEL,JFK,14-05-2024,256,A320,180,108,2103870,600480,1503390
FL0866,JFK-DEL,JFK,DEL,15-05-2024,217,B737,190,131,1780950,677270,1103680
FL0867,BLR-DXB,BLR,DXB,16-05-2024,254,A321,200,181,2295580,1002740,1292840
FL0868,DXB-BLR,DXB,BLR,17-05-2024,503,B787,260,190,7478960,1525700,5953260
FL0869,HYD-BOM,HYD,BOM,18-05-2024,261,A380,500,316,5320559,886380,4434179
FL0870,BOM-HYD,BOM,HYD,19-05-2024,69,ATR72,72,62,220779,114390,106389
FL0871,BOM-DEL,BOM,DEL,20-05-2024,181,A320,180,128,1520356,307840,1212516
FL0872,DEL-BOM,DEL,BOM,21-05-2024,317,B737,190,158,2954949,487430,2467519
FL0873,DEL-BLR,DEL,BLR,22-05-2024,386,A321,200,161,3307730,552230,2755500
FL0874,BLR-DEL,BLR,DEL,23-05-2024,389,B787,260,168,5386565,578760,4807805
FL0875,BOM-BLR,BOM,BLR,24-05-2024,218,A380,500,452,4555304,1170680,3384624
FL0876,BLR-BOM,BLR,BOM,25-05-2024,56,ATR72,72,61,197175,108580,88595
FL0877,BOM-CCU,BOM,CCU,26-05-2024,190,A320,180,141,1411209,345450,1065759
FL0878,CCU-BOM,CCU,BOM,27-05-2024,140,B737,190,160,1268188,352000,916188
FL0879,DEL-HYD,DEL,HYD,28-05-2024,314,A321,200,154,3029057,472780,2556277
FL0880,HYD-DEL,HYD,DEL,29-05-2024,536,B787,260,167,8134296,698060,7436236
FL0881,BLR-CCU,BLR,CCU,30-05-2024,402,A380,500,381,8549290,1337310,7211980
FL0882,CCU-BLR,CCU,BLR,31-05-2024,67,ATR72,72,64,243527,117440,126087
FL0883,BOM-DXB,BOM,DXB,01-06-2024,205,A320,180,133,1501457,671650,829807
FL0884,DXB-BOM,DXB,BOM,02-06-2024,132,B737,190,134,1256662,578880,677782
FL0885,DEL-DXB,DEL,DXB,03-06-2024,267,A321,200,135,2477774,382725,2095049
FL0886,DXB-DEL,DXB,DEL,04-06-2024,374,B787,260,234,6077464,788580,5288884
FL0887,BLR-SIN,BLR,SIN,05-06-2024,242,A380,500,317,5217183,1718140,3499043
FL0888,SIN-BLR,SIN,BLR,06-06-2024,61,ATR72,72,52,217815,187720,30095
FL0889,BOM-SIN,BOM,SIN,07-06-2024,159,A320,180,132,1278566,605880,672686
FL0890,SIN-BOM,SIN,BOM,08-06-2024,349,B737,190,125,3097358,811250,2286108
FL0891,DEL-LHR,DEL,LHR,09-06-2024,275,A321,200,123,2749346,707250,2042096
FL0892,LHR-DEL,LHR,DEL,10-06-2024,226,B787,260,170,3068253,894200,2174053
FL0893,BOM-LHR,BOM,LHR,11-06-2024,305,A380,500,404,5613537,2444200,3169337
FL0894,LHR-BOM,LHR,BOM,12-06-2024,93,ATR72,72,58,316685,227940,88745
FL0895,DEL-JFK,DEL,JFK,13-06-2024,175,A320,180,144,1416712,684000,732712
FL0896,JFK-DEL,JFK,DEL,14-06-2024,90,B737,190,159,751769,620100,131669
FL0897,BLR-DXB,BLR,DXB,15-06-2024,146,A321,200,187,1354878,834020,520858
FL0898,DXB-BLR,DXB,BLR,16-06-2024,334,B787,260,175,5436488,1109500,4326988
FL0899,HYD-BOM,HYD,BOM,17-06-2024,413,A380,500,369,7951416,1315485,6635931
FL0900,BOM-HYD,BOM,HYD,18-06-2024,44,ATR72,72,55,142605,94600,48005
FL0901,BOM-DEL,BOM,DEL,19-06-2024,181,A320,180,115,1580034,276575,1303459
FL0902,DEL-BOM,DEL,BOM,20-06-2024,94,B737,190,173,863417,340810,522607
FL0903,DEL-BLR,DEL,BLR,21-06-2024,280,A321,200,188,2547431,545200,2002231
FL0904,BLR-DEL,BLR,DEL,22-06-2024,305,B787,260,191,4470243,577775,3892468
FL0905,BOM-BLR,BOM,BLR,23-06-2024,457,A380,500,394,8507777,1491290,7016487
FL0906,BLR-BOM,BLR,BOM,24-06-2024,78,ATR72,72,56,254891,105840,149051
FL0907,BOM-CCU,BOM,CCU,25-06-2024,112,A320,180,160,885327,329600,555727
FL0908,CCU-BOM,CCU,BOM,26-06-2024,101,B737,190,168,946998,336840,610158
FL0909,DEL-HYD,DEL,HYD,27-06-2024,329,A321,200,124,3027014,389980,2637034
FL0910,HYD-DEL,HYD,DEL,28-06-2024,200,B787,260,243,3034625,607500,2427125
FL0911,BLR-CCU,BLR,CCU,29-06-2024,271,A380,500,402,5961689,1147710,4813979
FL0912,CCU-BLR,CCU,BLR,30-06-2024,42,ATR72,72,58,146673,99180,47493
FL0913,BOM-DXB,BOM,DXB,01-07-2024,238,A320,180,157,1993327,844660,1148667
FL0914,DXB-BOM,DXB,BOM,02-07-2024,163,B737,190,135,1552825,625050,927775
FL0915,DEL-DXB,DEL,DXB,03-07-2024,354,A321,200,134,3292469,438180,2854289
FL0916,DXB-DEL,DXB,DEL,04-07-2024,463,B787,260,233,7237918,888895,6349023
FL0917,BLR-SIN,BLR,SIN,05-07-2024,326,A380,500,323,6641290,2021980,4619310
FL0918,SIN-BLR,SIN,BLR,06-07-2024,127,ATR72,72,61,447468,260470,186998
FL0919,BOM-SIN,BOM,SIN,07-07-2024,199,A320,180,110,1670281,548900,1121381
FL0920,SIN-BOM,SIN,BOM,08-07-2024,64,B737,190,166,550168,604240,-54072
FL0921,DEL-LHR,DEL,LHR,09-07-2024,125,A321,200,122,1299031,518500,780531
FL0922,LHR-DEL,LHR,DEL,10-07-2024,326,B787,260,202,4492611,1264520,3228091
FL0923,BOM-LHR,BOM,LHR,11-07-2024,487,A380,500,451,9912849,3549370,6363479
FL0924,LHR-BOM,LHR,BOM,12-07-2024,129,ATR72,72,50,424701,214500,210201
FL0925,DEL-JFK,DEL,JFK,13-07-2024,275,A320,180,135,2246532,776250,1470282
FL0926,JFK-DEL,JFK,DEL,14-07-2024,251,B737,190,146,2293914,804460,1489454
FL0927,BLR-DXB,BLR,DXB,15-07-2024,258,A321,200,182,2429421,1015560,1413861
FL0928,DXB-BLR,DXB,BLR,16-07-2024,271,B787,260,231,4280061,1319010,2961051
FL0929,HYD-BOM,HYD,BOM,17-07-2024,439,A380,500,441,8738704,1629495,7109209
FL0930,BOM-HYD,BOM,HYD,18-07-2024,102,ATR72,72,44,321526,88440,233086
FL0931,BOM-DEL,BOM,DEL,19-07-2024,140,A320,180,161,1208052,354200,853852
FL0932,DEL-BOM,DEL,BOM,20-07-2024,206,B737,190,134,1763542,339020,1424522
FL0933,DEL-BLR,DEL,BLR,21-07-2024,92,A321,200,188,825186,368480,456706
FL0934,BLR-DEL,BLR,DEL,22-07-2024,387,B787,260,225,6303367,772875,5530492
FL0935,BOM-BLR,BOM,BLR,23-07-2024,393,A380,500,426,8162660,1476090,6686570
FL0936,BLR-BOM,BLR,BOM,24-07-2024,71,ATR72,72,59,255680,109445,146235
FL0937,BOM-CCU,BOM,CCU,25-07-2024,263,A320,180,158,2010902,444770,1566132
FL0938,CCU-BOM,CCU,BOM,26-07-2024,243,B737,190,149,2315330,404535,1910795
FL0939,DEL-HYD,DEL,HYD,27-07-2024,242,A321,200,189,2380302,512190,1868112
FL0940,HYD-DEL,HYD,DEL,28-07-2024,292,B787,260,164,3944030,485440,3458590
FL0941,BLR-CCU,BLR,CCU,29-07-2024,246,A380,500,429,5248798,1171170,4077628
FL0942,CCU-BLR,CCU,BLR,30-07-2024,30,ATR72,72,44,94618,72600,22018
FL0943,BOM-DXB,BOM,DXB,31-07-2024,195,A320,180,156,1609464,772200,837264
FL0944,DXB-BOM,DXB,BOM,01-08-2024,186,B737,190,172,1740971,835920,905051
FL0945,DEL-DXB,DEL,DXB,02-08-2024,270,A321,200,126,2558653,359100,2199553
FL0946,DXB-DEL,DXB,DEL,03-08-2024,439,B787,260,193,6013434,713135,5300299
FL0947,BLR-SIN,BLR,SIN,04-08-2024,534,A380,500,396,10962143,3302640,7659503
FL0948,SIN-BLR,SIN,BLR,05-08-2024,106,ATR72,72,67,339265,272020,67245
FL0949,BOM-SIN,BOM,SIN,06-08-2024,120,A320,180,114,1030837,478800,552037
FL0950,SIN-BOM,SIN,BOM,07-08-2024,125,B737,190,119,1125140,505750,619390
FL0951,DEL-LHR,DEL,LHR,08-08-2024,313,A321,200,136,2960571,833680,2126891
FL0952,LHR-DEL,LHR,DEL,09-08-2024,501,B787,260,162,7369018,1297620,6071398
FL0953,BOM-LHR,BOM,LHR,10-08-2024,290,A380,500,336,6221544,1982400,4239144
FL0954,LHR-BOM,LHR,BOM,11-08-2024,96,ATR72,72,63,364844,249480,115364
FL0955,DEL-JFK,DEL,JFK,12-08-2024,185,A320,180,124,1338519,601400,737119
FL0956,JFK-DEL,JFK,DEL,13-08-2024,290,B737,190,145,2466987,855500,1611487
FL0957,BLR-DXB,BLR,DXB,14-08-2024,312,A321,200,135,2687559,826200,1861359
FL0958,DXB-BLR,DXB,BLR,15-08-2024,232,B787,260,193,3660689,1026760,2633929
FL0959,HYD-BOM,HYD,BOM,16-08-2024,210,A380,500,455,4202590,1160250,3042340
FL0960,BOM-HYD,BOM,HYD,17-08-2024,91,ATR72,72,54,338975,105570,233405
FL0961,BOM-DEL,BOM,DEL,18-08-2024,113,A320,180,112,937017,231280,705737
FL0962,DEL-BOM,DEL,BOM,19-08-2024,73,B737,190,144,622133,268560,353573
FL0963,DEL-BLR,DEL,BLR,20-08-2024,132,A321,200,176,1267167,380160,887007
FL0964,BLR-DEL,BLR,DEL,21-08-2024,370,B787,260,166,6012638,556100,5456538
FL0965,BOM-BLR,BOM,BLR,22-08-2024,443,A380,500,347,8854144,1289105,7565039
FL0966,BLR-BOM,BLR,BOM,23-08-2024,107,ATR72,72,65,398750,132275,266475
FL0967,BOM-CCU,BOM,CCU,24-08-2024,186,A320,180,111,1561996,269730,1292266
FL0968,CCU-BOM,CCU,BOM,25-08-2024,138,B737,190,120,1164757,262800,901957
FL0969,DEL-HYD,DEL,HYD,26-08-2024,233,A321,200,170,2254886,453050,1801836
FL0970,HYD-DEL,HYD,DEL,27-08-2024,388,B787,260,161,6214990,553840,5661150
FL0971,BLR-CCU,BLR,CCU,28-08-2024,504,A380,500,464,9238754,1865280,7373474
FL0972,CCU-BLR,CCU,BLR,29-08-2024,57,ATR72,72,45,193923,80325,113598
FL0973,BOM-DXB,BOM,DXB,30-08-2024,206,A320,180,143,1768814,723580,1045234
FL0974,DXB-BOM,DXB,BOM,31-08-2024,159,B737,190,174,1557781,798660,759121
FL0975,DEL-DXB,DEL,DXB,01-09-2024,162,A321,200,183,1501238,422730,1078508
FL0976,DXB-DEL,DXB,DEL,02-09-2024,358,B787,260,164,5570858,539560,5031298
FL0977,BLR-SIN,BLR,SIN,03-09-2024,397,A380,500,398,8623111,2774060,5849051
FL0978,SIN-BLR,SIN,BLR,04-09-2024,118,ATR72,72,60,372060,250800,121260
FL0979,BOM-SIN,BOM,SIN,05-09-2024,82,A320,180,124,705267,473680,231587
FL0980,SIN-BOM,SIN,BOM,06-09-2024,160,B737,190,178,1515178,818800,696378
FL0981,DEL-LHR,DEL,LHR,07-09-2024,352,A321,200,167,3640935,1088840,2552095
FL0982,LHR-DEL,LHR,DEL,08-09-2024,380,B787,260,165,6021279,1122000,4899279
FL0983,BOM-LHR,BOM,LHR,09-09-2024,319,A380,500,474,5875735,2934060,2941675
FL0984,LHR-BOM,LHR,BOM,10-09-2024,147,ATR72,72,67,514541,299490,215051
FL0985,DEL-JFK,DEL,JFK,11-09-2024,100,A320,180,137,737756,548000,189756
FL0986,JFK-DEL,JFK,DEL,12-09-2024,315,B737,190,138,2761184,848700,1912484
FL0987,BLR-DXB,BLR,DXB,13-09-2024,92,A321,200,149,930317,584080,346237
FL0988,DXB-BLR,DXB,BLR,14-09-2024,210,B787,260,221,3068831,1127100,1941731
FL0989,HYD-BOM,HYD,BOM,15-09-2024,345,A380,500,382,7424616,1231950,6192666
FL0990,BOM-HYD,BOM,HYD,16-09-2024,126,ATR72,72,63,463404,134190,329214
FL0991,BOM-DEL,BOM,DEL,17-09-2024,296,A320,180,126,2195894,375480,1820414
FL0992,DEL-BOM,DEL,BOM,18-09-2024,322,B737,190,122,3035421,379420,2656001
FL0993,DEL-BLR,DEL,BLR,19-09-2024,228,A321,200,167,2152204,440880,1711324
FL0994,BLR-DEL,BLR,DEL,20-09-2024,244,B787,260,237,3504383,644640,2859743
FL0995,BOM-BLR,BOM,BLR,21-09-2024,406,A380,500,416,8645054,1468480,7176574
FL0996,BLR-BOM,BLR,BOM,22-09-2024,83,ATR72,72,56,276997,107240,169757
FL0997,BOM-CCU,BOM,CCU,23-09-2024,112,A320,180,151,849746,311060,538686
FL0998,CCU-BOM,CCU,BOM,24-09-2024,161,B737,190,136,1309701,313480,996221
FL0999,DEL-HYD,DEL,HYD,25-09-2024,217,A321,200,122,2158885,315370,1843515
FL1000,HYD-DEL,HYD,DEL,26-09-2024,281,B787,260,204,4295196,592620,3702576
